INSTNM,MD_EARN_WNE_P10,PCT10_EARN_WNE_P10,PCT25_EARN_WNE_P10,PCT75_EARN_WNE_P10,PCT90_EARN_WNE_P10
Alabama A & M University,40628.0,6700,23030.0,60507.0,70000
University of Alabama at Birmingham,54501.0,10900,33873.0,80711.0,84000
Amridge University,37621.0,6800,21760.0,57946.0,79500
University of Alabama in Huntsville,61767.0,12900,37446.0,91119.0,93300
Alabama State University,34502.0,7100,18132.0,51026.0,55400
The University of Alabama,59221.0,13100,39848.0,87405.0,85000
Central Alabama Community College,33506.0,7000,18635.0,50656.0,58800
Athens State University,50273.0,12600,33492.0,70554.0,74000
Auburn University at Montgomery,44391.0,9500,26860.0,63615.0,66300
Auburn University,65337.0,13800,43620.0,95597.0,91400
Birmingham-Southern College,59481.0,9800,33426.0,92516.0,77600
Chattahoochee Valley Community College,36438.0,5500,20404.0,52873.0,58700
South University-Montgomery,34421.0,7100,17463.0,53014.0,67200
Enterprise State Community College,42572.0,5700,21710.0,71583.0,58700
Coastal Alabama Community College,34894.0,5100,18526.0,54820.0,59500
Faulkner University,43457.0,9800,25494.0,64288.0,80700
Gadsden State Community College,32937.0,5600,17231.0,51839.0,58300
George C Wallace Community College-Dothan,31399.0,7100,16986.0,49632.0,64200
George C Wallace State Community College-Hanceville,39842.0,4900,22380.0,58549.0,57100
George C Wallace State Community College-Selma,31598.0,6100,15581.0,49326.0,57100
Herzing University-Birmingham,36909.0,12300,19077.0,56514.0,77200
Huntingdon College,49601.0,9100,34151.0,71130.0,73200
J. F. Drake State Community and Technical College,28281.0,7000,13620.0,45400.0,49500
Jacksonville State University,45235.0,9000,28035.0,64633.0,64200
Jefferson State Community College,40719.0,8000,24505.0,62034.0,61200
John C Calhoun State Community College,38192.0,6000,21172.0,57398.0,62800
Lawson State Community College,31701.0,6100,15415.0,47563.0,51500
University of West Alabama,44232.0,8500,27937.0,62576.0,63700
Lurleen B Wallace Community College,32307.0,7900,17935.0,49606.0,60100
Marion Military Institute,59644.0,PS,34500.0,83934.0,PS
Miles College,32627.0,6400,17195.0,47772.0,51200
University of Mobile,43611.0,9600,28429.0,59995.0,73400
University of Montevallo,42957.0,9900,25530.0,56437.0,62300
Northwest Shoals Community College,33828.0,5900,17252.0,51875.0,59300
University of North Alabama,45415.0,9800,28413.0,64932.0,68400
Northeast Alabama Community College,34913.0,5300,19863.0,53108.0,58100
Oakwood University,42488.0,7900,23113.0,67182.0,75600
Reid State Technical College,28982.0,5200,15362.0,48258.0,45700
Bishop State Community College,29916.0,5900,15254.0,47250.0,54300
Samford University,58469.0,12600,38802.0,91693.0,124000
Shelton State Community College,35014.0,4800,19005.0,52090.0,55800
Snead State Community College,35735.0,5500,17797.0,54322.0,52700
University of South Alabama,49379.0,10500,30000.0,73471.0,78800
Spring Hill College,51500.0,15500,32496.0,72223.0,84300
Stillman College,35421.0,5100,18957.0,53304.0,51500
Talladega College,32229.0,4300,17337.0,48588.0,53300
H Councill Trenholm State Community College,32183.0,5200,16879.0,48592.0,49200
Troy University,42062.0,9700,24464.0,61119.0,70800
Tuskegee University,49641.0,9200,26919.0,78316.0,81200
United States Sports University,55257.0,PS,37678.0,77067.0,PS
Bevill State Community College,34107.0,6100,17891.0,51517.0,57300
University of Alaska Anchorage,51871.0,7600,28505.0,80117.0,84200
University of Alaska Fairbanks,48866.0,6600,25153.0,74202.0,81500
University of Alaska Southeast,48475.0,9000,28669.0,67290.0,74300
Alaska Pacific University,54271.0,10800,29511.0,79869.0,85000
Alaska Vocational Technical Center,51083.0,PS,26114.0,80768.0,PS
Charter College,35504.0,6900,17972.0,50705.0,86700
Alaska Career College,34468.0,4300,12733.0,51381.0,55400
Empire Beauty School-Tucson,25073.0,2500,10829.0,39642.0,50000
Carrington College-Phoenix North,36718.0,4000,20311.0,51422.0,52500
Carrington College-Mesa,36718.0,4000,20311.0,51422.0,52500
Carrington College-Tucson,36718.0,4000,20311.0,51422.0,52500
Arizona Academy of Beauty,21201.0,PS,8808.0,35063.0,PS
Miller-Motte College-Arizona Automotive Institute,31102.0,2400,15775.0,47146.0,44700
Brookline College-Phoenix,29576.0,3300,13467.0,43497.0,44000
Arizona State University Campus Immersion,62668.0,12900,40826.0,92934.0,93300
Arizona Western College,36857.0,5800,21521.0,55402.0,57600
University of Arizona,59979.0,12100,38990.0,92199.0,99400
Central Arizona College,40513.0,5300,22583.0,59797.0,59800
Charles of Italy Beauty College,26269.0,PS,11507.0,36718.0,PS
Cochise County Community College District,38033.0,7300,21259.0,56203.0,74600
Empire Beauty School-Chandler,23921.0,3000,10818.0,39242.0,41500
Avalon Institute-Mesa,30803.0,3700,14464.0,45252.0,42600
Eastern Arizona College,38018.0,5000,19056.0,59863.0,67500
Embry-Riddle Aeronautical University-Prescott,84131.0,22400,55392.0,112155.0,115500
Glendale Community College,43108.0,6900,25030.0,64127.0,69300
Grand Canyon University,42186.0,11100,21881.0,68589.0,96100
GateWay Community College,46147.0,5600,24066.0,70735.0,71800
Mesa Community College,44034.0,6900,23692.0,66054.0,77700
Mohave Community College,35522.0,4800,19358.0,55127.0,62300
Universal Technical Institute-Phoenix,48341.0,7100,29394.0,68153.0,64200
Dine College,29188.0,3500,14734.0,44246.0,45700
Northern Arizona University,54384.0,10300,35991.0,78281.0,77800
Northland Pioneer College,34199.0,3700,18312.0,53305.0,54700
Phoenix College,40870.0,6300,22612.0,60125.0,65400
Pima Community College,39810.0,6300,22093.0,60052.0,66100
Pima Medical Institute-Tucson,38673.0,4300,21337.0,55482.0,53300
Prescott College,42359.0,7100,19444.0,61057.0,63500
Refrigeration School Inc,52953.0,6200,33558.0,76444.0,73300
Rio Salado College,41015.0,5600,19411.0,63730.0,75000
Roberto-Venn School of Luthiery,35209.0,PS,16769.0,53726.0,PS
Scottsdale Community College,47905.0,6500,25831.0,74039.0,80000
South Mountain Community College,39825.0,5300,20741.0,57129.0,54300
Arizona Christian University,51612.0,5600,30988.0,72457.0,52100
Universal Technical Institute of Arizona Inc,52873.0,12500,33274.0,74276.0,78900
Yavapai College,39890.0,5700,19769.0,62865.0,67000
University of Arkansas at Little Rock,45265.0,9400,28588.0,67515.0,70000
University of Arkansas for Medical Sciences,73827.0,24500,52014.0,113198.0,128000
Arkansas Baptist College,28418.0,5900,13142.0,44142.0,42400
Arkansas Beauty School-Little Rock,18078.0,PS,9065.0,31081.0,PS
Lyon College,44232.0,12600,29991.0,61811.0,71300
Arkansas Technical School,16209.0,PS,6850.0,35021.0,PS
University of Arkansas,58191.0,13000,36435.0,87469.0,87200
University of Arkansas at Pine Bluff,35550.0,6700,19942.0,50676.0,58000
Arkansas State University-Beebe,36603.0,PS,20028.0,52250.0,PS
Arkansas State University,42617.0,7600,26452.0,61266.0,67100
Arkansas Tech University,41766.0,8800,25501.0,61055.0,69600
University of Arkansas at Monticello,36902.0,8800,21557.0,53816.0,68500
Arthur's Beauty College,21954.0,1500,11150.0,37383.0,34500
Baptist Health College Little Rock,62244.0,8300,38474.0,86463.0,73300
Black River Technical College,34818.0,5100,19002.0,53098.0,55100
University of Central Arkansas,45938.0,9900,28642.0,65378.0,73600
Central Baptist College,46789.0,10300,29462.0,65716.0,67100
Cossatot Community College of the University of Arkansas,33775.0,5300,18217.0,52762.0,50900
Crowley's Ridge College,39533.0,PS,25001.0,51374.0,PS
East Arkansas Community College,28471.0,4400,14123.0,46126.0,50600
Paul Mitchell the School-Little Rock,24765.0,PS,10622.0,37567.0,PS
National Park College,32444.0,4400,15042.0,50968.0,53200
University of Arkansas Community College-Batesville,33706.0,4600,18169.0,52056.0,55800
Harding University,52876.0,9000,34804.0,76562.0,77800
Henderson State University,43459.0,10100,27855.0,60051.0,67300
Hendrix College,60376.0,11900,37323.0,84322.0,75800
Jefferson Regional School of Nursing,73975.0,PS,49340.0,100154.0,PS
John Brown University,53907.0,11800,36159.0,85072.0,106800
Career Academy of Hair Design,21567.0,PS,10741.0,39917.0,PS
Academy of Salon and Spa,16941.0,PS,7805.0,31125.0,PS
Arkansas State University Mid-South,31857.0,5900,16675.0,49159.0,43100
Arkansas Northeastern College,33169.0,4600,17754.0,51559.0,55000
North Arkansas College,34653.0,4400,18671.0,52397.0,53400
Northwest Technical Institute,41513.0,6800,15411.0,57121.0,53800
Ouachita Baptist University,51673.0,8500,34167.0,70232.0,77700
Arkansas State University Three Rivers,37374.0,4600,20799.0,58598.0,50400
Ozarka College,29314.0,3600,15082.0,46844.0,54000
University of the Ozarks,44384.0,3600,32523.0,60124.0,62900
University of Arkansas Community College-Morrilton,34924.0,5300,19866.0,54112.0,55500
Philander Smith University,38427.0,6200,19226.0,51858.0,57200
Phillips Community College of the University of Arkansas,29552.0,4500,16211.0,44484.0,46800
Southeast Arkansas College,33603.0,5400,17558.0,48845.0,57000
University of Aesthetics & Cosmetology,26754.0,PS,12286.0,35518.0,PS
University of Arkansas-Pulaski Technical College,34722.0,6200,17962.0,50750.0,57000
University of Arkansas Hope-Texarkana,34162.0,3700,18811.0,51602.0,54400
University of Arkansas Community College Rich Mountain,30037.0,3900,14624.0,44339.0,46300
Paul Mitchell the School-Arkansas,20077.0,PS,9599.0,37880.0,PS
Searcy Beauty College,19896.0,PS,7998.0,33329.0,PS
Williams Baptist University,38484.0,8400,24778.0,50005.0,61900
South Arkansas College,34521.0,5700,19494.0,51862.0,57500
Southern Arkansas University Main Campus,42386.0,9800,25370.0,61851.0,70600
Southern Arkansas University Tech,36376.0,4600,22702.0,54919.0,53300
University of Arkansas-Fort Smith,41102.0,6000,24344.0,61170.0,62300
Academy of Art University,39008.0,5900,17463.0,65466.0,90600
College of Alameda,42563.0,6400,17757.0,69921.0,75200
Allan Hancock College,42786.0,4500,23332.0,64073.0,64800
American Academy of Dramatic Arts-Los Angeles,27019.0,3700,11663.0,47036.0,58900
American Beauty College,22481.0,PS,10330.0,43375.0,PS
American Career College-Los Angeles,38430.0,6500,18624.0,57841.0,59200
American River College,40162.0,4500,18081.0,63989.0,69300
Antelope Valley Community College District,36526.0,4500,15992.0,60333.0,68300
Art Center College of Design,71958.0,7600,28421.0,125307.0,114700
Associated Technical College-Los Angeles,24368.0,4900,10025.0,40762.0,51900
Associated Technical College-San Diego,26688.0,1800,12393.0,41847.0,45400
Azusa Pacific University,66677.0,10100,38819.0,98212.0,92800
Bakersfield College,37291.0,4900,18322.0,59738.0,73000
Barstow Community College,35104.0,4200,14509.0,59767.0,70700
Bellus Academy-Chula Vista,23576.0,2800,11637.0,41432.0,37800
Biola University,56778.0,6000,32980.0,83447.0,84500
Brownson Technical School,68767.0,PS,44327.0,94118.0,PS
Bryan University,40283.0,PS,20815.0,61337.0,PS
Butte College,41810.0,4400,21955.0,65621.0,74200
California Institute of Integral Studies,48848.0,PS,20122.0,84435.0,PS
Cabrillo College,44114.0,6100,22686.0,70453.0,81800
California Baptist University,61504.0,8700,34450.0,88303.0,76500
California College of the Arts,49414.0,3300,18349.0,93969.0,100300
California Institute of Technology,128566.0,19900,78105.0,225460.0,189000
California Lutheran University,68712.0,13200,44592.0,96084.0,96300
California Polytechnic State University-San Luis Obispo,90768.0,15700,58977.0,132118.0,112300
Alliant International University-San Diego,66666.0,12000,36440.0,86915.0,103900
California State University-Bakersfield,59009.0,11500,34128.0,84724.0,81900
California State University-Stanislaus,63188.0,9000,39410.0,86094.0,75100
California State University-San Bernardino,59977.0,10000,36326.0,83589.0,81000
California State Polytechnic University-Pomona,71902.0,12700,45083.0,100593.0,96700
California State University-Chico,64172.0,11100,41693.0,95212.0,91400
California State University-Dominguez Hills,57162.0,9700,33459.0,82789.0,80600
California State University-Fresno,61244.0,10000,38091.0,84801.0,83800
California State University-Fullerton,62951.0,10800,39060.0,89304.0,88000
California State University-East Bay,71401.0,10800,45094.0,103383.0,97900
California State University-Long Beach,64403.0,11400,38902.0,91639.0,88000
California State University-Los Angeles,59211.0,11700,36906.0,83961.0,81700
California State University-Northridge,59115.0,9800,34394.0,85290.0,84800
California State University-Sacramento,64876.0,11900,43257.0,89789.0,90700
University of California-Berkeley,92446.0,16200,58247.0,153111.0,149700
University of California-Davis,80838.0,16900,53021.0,122634.0,117500
University of California-Irvine,80735.0,15600,54469.0,117372.0,108500
University of California-Los Angeles,82511.0,13900,55896.0,126452.0,128000
University of California-Riverside,67699.0,12600,42680.0,95385.0,92800
University of California-San Diego,84943.0,17800,57071.0,127245.0,122700
University of California-Santa Barbara,74915.0,13500,49095.0,111078.0,104800
University of California-Santa Cruz,68396.0,10900,41808.0,102779.0,90100
California Beauty College,22255.0,PS,9497.0,38291.0,PS
California Hair Design Academy,19347.0,3600,8126.0,40931.0,46200
California Institute of the Arts,41198.0,5400,13878.0,89495.0,96900
California State University Maritime Academy,94784.0,18800,63941.0,134253.0,141200
Canada College,50087.0,3800,24614.0,79202.0,72800
College of the Canyons,49022.0,5400,25065.0,76659.0,79400
Career Academy of Beauty,24410.0,4200,11152.0,44132.0,45700
Casa Loma College-Los Angeles,49854.0,10000,24231.0,76711.0,84600
CET-San Diego,32986.0,4100,14618.0,53343.0,45700
CET-San Jose,32986.0,4100,14618.0,53343.0,45700
CET-El Centro,32986.0,4100,14618.0,53343.0,45700
CET-Colton,32986.0,4100,14618.0,53343.0,45700
CET-Watsonville,32986.0,4100,14618.0,53343.0,45700
CET-Salinas,32986.0,4100,14618.0,53343.0,45700
Cerritos College,41156.0,6900,21330.0,62798.0,67000
Cerro Coso Community College,34963.0,3500,15774.0,56453.0,69800
Chabot College,48143.0,6100,21585.0,74815.0,77300
Chaffey College,42975.0,5900,21044.0,66788.0,64300
Chapman University,70070.0,10700,42691.0,100753.0,90100
Charles R Drew University of Medicine and Science,83438.0,7900,46338.0,133748.0,136200
Concordia University-Irvine,65083.0,8600,39043.0,96875.0,84300
San Diego Christian College,49766.0,3600,22595.0,80011.0,75800
Citrus College,42065.0,5300,21333.0,66016.0,65100
City College of San Francisco,45805.0,6900,18346.0,77127.0,90000
Claremont Graduate University,64372.0,PS,50657.0,94099.0,PS
Claremont McKenna College,104736.0,18200,66067.0,182223.0,164000
Milan Institute-Visalia,32493.0,2700,15177.0,44751.0,54700
Clovis Adult Education,50098.0,5300,29416.0,68443.0,64000
Coastline Community College,44483.0,4500,16849.0,70803.0,71400
Coba Academy,21208.0,PS,12347.0,43414.0,PS
Columbia College,39035.0,2700,17705.0,58863.0,66500
California College of ASU,42014.0,PS,18032.0,64671.0,PS
Contra Costa College,40850.0,3700,17990.0,67264.0,72600
Cosumnes River College,42446.0,4800,20282.0,65187.0,66000
Crafton Hills College,42553.0,5500,23387.0,65439.0,71300
Cuesta College,46047.0,5500,22243.0,73541.0,79000
Cuyamaca College,32435.0,4900,13201.0,57755.0,63200
Cypress College,43533.0,6000,21841.0,67477.0,74800
De Anza College,56596.0,8400,27991.0,87640.0,98700
College of the Desert,39020.0,6200,20036.0,58937.0,65400
Design Institute of San Diego,46920.0,2800,24270.0,75601.0,66700
Diablo Valley College,51378.0,5700,24960.0,82989.0,87800
Dominican University of California,84713.0,9700,54435.0,132065.0,124200
East Los Angeles College,42006.0,8000,21287.0,63706.0,69100
El Camino Community College District,41589.0,5900,19739.0,64198.0,71000
Empire College,43090.0,6100,16876.0,61500.0,64500
Evergreen Valley College,53077.0,5500,27259.0,79702.0,76200
FIDM-Fashion Institute of Design & Merchandising,49840.0,5300,23458.0,78848.0,79100
Feather River Community College District,38142.0,4400,17691.0,58787.0,58900
Federico Beauty Institute,29856.0,2300,7923.0,51671.0,52000
Foothill College,57072.0,7300,30054.0,100193.0,117600
Fredrick and Charles Beauty College,21826.0,PS,11631.0,39908.0,PS
Fresno City College,37361.0,4800,19546.0,57745.0,62400
Fresno Pacific University,58896.0,7600,36450.0,81151.0,73300
Fullerton College,43366.0,5300,21878.0,67846.0,72600
Gavilan College,47169.0,4600,25120.0,73905.0,67200
Gemological Institute of America-Carlsbad,42588.0,13700,18379.0,93306.0,82700
Glendale Community College,41540.0,5800,18749.0,69451.0,71200
Glendale Career College,41472.0,4500,22023.0,66073.0,56800
Golden Gate University,87434.0,18200,50211.0,133774.0,122800
Golden West College,43145.0,5200,19505.0,72461.0,79600
Grossmont College,40309.0,5500,18619.0,63990.0,77500
Salon Success Academy-Riverside,21777.0,PS,8163.0,39380.0,PS
Hartnell College,44316.0,5700,23484.0,65949.0,67000
Harvey Mudd College,138687.0,24500,79299.0,208094.0,146900
Hilltop Beauty School,25477.0,PS,10885.0,50776.0,PS
California State Polytechnic University-Humboldt,47626.0,7100,27312.0,69390.0,73900
Humphreys University-Stockton and Modesto Campuses,39248.0,4600,19100.0,58278.0,62500
Imperial Valley College,34487.0,4200,15901.0,56234.0,65500
Institute for Business and Technology,38015.0,4600,17914.0,62402.0,71900
Interior Designers Institute,54974.0,PS,22200.0,81109.0,PS
Irvine Valley College,49156.0,6000,23055.0,81620.0,85500
Bellus Academy-El Cajon,30807.0,3500,13333.0,45347.0,42000
American Jewish University,61954.0,PS,19756.0,71977.0,PS
Reedley College,38493.0,4900,20078.0,59641.0,57500
Life Pacific University,43299.0,5200,26248.0,68649.0,72800
University of La Verne,65464.0,13200,41064.0,90462.0,96200
Laguna College of Art and Design,47867.0,PS,23848.0,75920.0,PS
Lake Tahoe Community College,36657.0,5500,17688.0,59653.0,69200
Lancaster Beauty School,16220.0,3800,5476.0,29233.0,40600
Laney College,37282.0,5100,15020.0,63037.0,68900
Lassen Community College,35994.0,2800,17092.0,58788.0,59700
Southern California Seminary,39607.0,PS,21065.0,75585.0,PS
La Sierra University,61824.0,6600,37425.0,91365.0,87100
Loma Linda University,89816.0,22600,57445.0,123223.0,133800
Long Beach City College,38870.0,4700,17653.0,61089.0,64600
Los Angeles Harbor College,41133.0,5000,19721.0,62739.0,73100
Los Angeles Pierce College,44521.0,5300,22176.0,68724.0,80200
Los Angeles Southwest College,32172.0,5200,14300.0,52338.0,61700
Los Angeles Trade Technical College,35233.0,5500,14787.0,59191.0,65300
Los Angeles Valley College,42678.0,5400,18627.0,68612.0,74500
The Master's University and Seminary,57106.0,6600,30389.0,83256.0,90600
Los Angeles City College,36190.0,4200,15299.0,60161.0,65300
Los Angeles County College of Nursing and Allied Health,115318.0,32600,80614.0,139619.0,123100
Los Angeles Mission College,39834.0,6600,19682.0,61597.0,61700
Los Medanos College,42454.0,4000,18711.0,71019.0,79900
Loyola Marymount University,78349.0,17300,48957.0,115071.0,113000
Lyle's College of Beauty,25913.0,2900,11150.0,39254.0,39900
Lyle's College of  Beauty,25913.0,2900,11150.0,39254.0,39900
Lytles Redwood Empire Beauty College,20358.0,PS,7940.0,42198.0,PS
MTI College,45328.0,4900,20471.0,65132.0,82000
College of Marin,42654.0,4600,15769.0,72201.0,86000
Mendocino College,40243.0,2400,19706.0,61753.0,58500
Menlo College,76419.0,11000,42007.0,118127.0,115800
Merced College,37815.0,3900,18554.0,57608.0,59600
Merritt College,44392.0,3400,18400.0,70228.0,76900
Northeastern University Oakland,92538.0,18800,61560.0,135313.0,112700
MiraCosta College,43845.0,3800,22652.0,64861.0,61500
Mission College,50936.0,6900,22795.0,83348.0,81000
Modern Beauty Academy,22477.0,PS,8620.0,39615.0,PS
Modesto Junior College,42368.0,4300,21726.0,67363.0,67300
Middlebury Institute of International Studies at Monterey,76310.0,13900,48442.0,124474.0,165400
Monterey Peninsula College,42176.0,5100,20949.0,66996.0,82700
Moorpark College,49044.0,6700,25065.0,78885.0,89000
Mt San Antonio College,46283.0,6300,24186.0,72797.0,77800
Mount Saint Mary's University,72379.0,14300,44640.0,114343.0,103700
Mt San Jacinto Community College District,38319.0,4100,17848.0,61640.0,66500
Musicians Institute,32778.0,3500,11610.0,56445.0,65100
Napa Valley College,49517.0,5200,26176.0,77596.0,87000
National Holistic Institute,27978.0,3800,11099.0,50924.0,68400
National University,67548.0,11200,42112.0,100253.0,91100
Newschool of Architecture and Design,68891.0,PS,45089.0,89596.0,PS
North Adrian's College of Beauty Inc,27269.0,PS,8660.0,42868.0,PS
North-West College-Pomona,39876.0,3200,21682.0,61278.0,43000
North-West College-West Covina,37542.0,4700,16531.0,57455.0,50500
North-West College-Van Nuys,32488.0,3100,16771.0,55812.0,58800
Notre Dame de Namur University,74576.0,12100,46641.0,108134.0,96200
Occidental College,75951.0,11000,53141.0,105789.0,94200
Ohlone College,54278.0,6600,24991.0,86624.0,97800
Orange Coast College,47348.0,6000,23991.0,75013.0,79100
Otis College of Art and Design,58152.0,8400,24657.0,89129.0,101500
Oxnard College,41393.0,5900,22860.0,60859.0,59500
Hope International University,49697.0,6000,28526.0,66867.0,73700
Concorde Career College-San Diego,39169.0,3200,19751.0,58887.0,52400
Pacific Oaks College,52485.0,11300,29853.0,66594.0,59700
Pacific Union College,70484.0,9300,38738.0,111035.0,110900
University of the Pacific,78445.0,15900,50494.0,122307.0,154800
Palo Verde College,36389.0,4800,19181.0,53892.0,59300
Palomar College,42300.0,4800,20775.0,65187.0,74500
Pasadena City College,43937.0,6600,21490.0,68339.0,75100
Pepperdine University,82939.0,15200,55698.0,126331.0,137800
Pitzer College,69512.0,13200,32990.0,95186.0,90700
Point Loma Nazarene University,63998.0,11400,37877.0,93468.0,90300
Pomona College,77779.0,17200,44975.0,118516.0,133700
Porterville College,36328.0,4000,17455.0,56152.0,64400
Professional Institute of Beauty,16886.0,PS,6504.0,36123.0,PS
Santa Ana College,43552.0,6600,25029.0,65265.0,74900
University of Redlands,72690.0,13900,44770.0,100345.0,97100
College of the Redwoods,36243.0,3600,16260.0,56698.0,62100
Salon Success Academy-Upland,26956.0,PS,10535.0,43469.0,PS
Salon Success Academy-Corona,22412.0,PS,9573.0,39063.0,PS
Rio Hondo College,44950.0,6400,25321.0,67890.0,71700
Riverside City College,41091.0,5600,20998.0,63424.0,70700
Sacramento City College,42214.0,5300,20695.0,64855.0,69900
Saddleback College,50874.0,5000,25549.0,78724.0,88900
Samuel Merritt University,143238.0,30700,104570.0,182822.0,194400
San Diego City College,38503.0,4100,17991.0,58814.0,62200
San Diego Mesa College,45120.0,5900,20924.0,71725.0,78100
San Diego Miramar College,48224.0,6400,24293.0,74555.0,80900
San Diego State University,64909.0,12600,39563.0,94570.0,92000
University of San Diego,86522.0,14500,56511.0,125761.0,113700
San Francisco State University,68077.0,10300,38781.0,100910.0,92900
University of San Francisco,89812.0,18000,55032.0,140551.0,122100
San Joaquin Delta College,43212.0,5100,21498.0,66072.0,66300
San Joaquin Valley College-Visalia,38317.0,5400,19423.0,60326.0,61500
San Joaquin Valley College-Bakersfield,38317.0,5400,19423.0,60326.0,61500
William Jessup University,56257.0,5800,30885.0,79790.0,73400
San Jose City College,46215.0,5700,21025.0,74293.0,71100
San Jose State University,78988.0,13200,48356.0,115546.0,107600
College of San Mateo,54172.0,7100,26816.0,93903.0,91400
Santa Barbara City College,47647.0,5200,23778.0,74712.0,80600
Santa Clara University,109183.0,21600,70946.0,160882.0,139000
Santa Monica College,42193.0,5900,19286.0,66062.0,77100
Santa Rosa Junior College,47224.0,4800,22513.0,74791.0,84100
Scripps College,77539.0,9700,50918.0,112196.0,95900
College of the Sequoias,39092.0,4500,20220.0,60883.0,62300
Shasta College,39269.0,3200,20838.0,62173.0,64300
Sierra College,45294.0,4500,20983.0,71159.0,73300
Sierra College of Beauty,18519.0,PS,9563.0,33208.0,PS
Trinity Law School,46989.0,8800,29118.0,68518.0,76100
Simpson University,54340.0,5300,34449.0,81376.0,63200
College of the Siskiyous,39098.0,3300,17456.0,64002.0,64600
Charles A Jones Career and Education Center,41047.0,3000,17887.0,62184.0,55500
Skyline College,55702.0,6600,26216.0,85089.0,83900
San Bernardino Valley College,39676.0,4800,19215.0,61347.0,61700
Saint Mary's College of California,78812.0,15500,50156.0,121277.0,127400
Solano Community College,44170.0,5300,19907.0,72096.0,82000
Sonoma State University,65986.0,10900,42120.0,91892.0,89200
South Coast College,44897.0,2700,20446.0,67905.0,64900
Vanguard University of Southern California,59541.0,6800,33700.0,85469.0,90700
Concorde Career College-Garden Grove,45711.0,7200,28015.0,69578.0,72100
Southwestern College,40060.0,6800,20734.0,59678.0,66800
Southern California Institute of Architecture,71909.0,PS,45640.0,97763.0,PS
University of Southern California,92498.0,15800,58692.0,141338.0,143900
Taft College,38861.0,6300,21114.0,62302.0,79700
Thomas Aquinas College,55619.0,PS,22141.0,79990.0,PS
Epic Bible College & Graduate School,37822.0,PS,16540.0,60117.0,PS
UEI College-Huntington Park,31141.0,4600,13730.0,46425.0,51700
Concorde Career College-San Bernardino,39993.0,5900,21890.0,63222.0,56200
Concorde Career College-North Hollywood,50552.0,9300,28273.0,76284.0,78900
Ventura College,43430.0,5600,23425.0,66769.0,69600
Bridges Beauty College,17287.0,PS,7191.0,38029.0,PS
Victor Valley College,36119.0,3800,15917.0,60943.0,72600
Berkeley City College,41217.0,3000,16100.0,74426.0,70100
Walden University,42810.0,PS,22490.0,68123.0,PS
Coalinga College,37633.0,5000,18375.0,62067.0,62400
West Los Angeles College,38537.0,5700,16385.0,61620.0,66700
West Valley College,51688.0,5700,25974.0,81444.0,78100
Carrington College-Sacramento,39633.0,4100,18725.0,60075.0,55800
Westmont College,64778.0,11900,33002.0,97039.0,99100
Whittier College,59492.0,13700,37211.0,83711.0,85500
Woodbury University,65668.0,9500,38567.0,87865.0,90100
Yeshiva Ohr Elchonon Chabad West Coast Talmudical Seminary,48361.0,PS,17254.0,88362.0,PS
Yuba College,39552.0,3800,18869.0,61097.0,69800
Adams State University,44372.0,9500,28262.0,64019.0,66100
Aims Community College,41887.0,6000,22156.0,63340.0,66800
Arapahoe Community College,48341.0,5700,26484.0,71609.0,76600
Bel-Rea Institute of Animal Technology,39506.0,7700,21738.0,52729.0,55700
University of Colorado Denver/Anschutz Medical Campus,64270.0,21700,40026.0,93795.0,157000
University of Colorado Colorado Springs,54659.0,10700,34957.0,81777.0,84800
Spartan College of Aeronautics and Technology,59093.0,8600,32466.0,82390.0,80100
University of Colorado Boulder,69738.0,12700,43748.0,103315.0,99400
Colorado Christian University,50416.0,10400,30894.0,78791.0,82900
Colorado College,65222.0,9100,39898.0,98182.0,84500
Concorde Career College-Aurora,42456.0,4200,23978.0,64451.0,59300
Colorado Mountain College,44127.0,5300,25082.0,68139.0,64400
Colorado Northwestern Community College,43526.0,8000,19844.0,68360.0,80400
Colorado School of Mines,97335.0,25400,69672.0,130454.0,136700
Colorado School of Trades,51591.0,5000,31637.0,72220.0,82800
Colorado State University-Fort Collins,60543.0,11700,40471.0,88212.0,89900
Colorado Technical University-Colorado Springs,37180.0,11800,18869.0,57737.0,101900
Community College of Aurora,44592.0,5500,23335.0,66759.0,69200
Technical College of the Rockies,45516.0,3900,23303.0,69393.0,62600
Community College of Denver,39095.0,3800,17100.0,60321.0,65200
Lincoln College of Technology-Denver,46396.0,6300,25586.0,66729.0,57900
University of Denver,71155.0,13000,45159.0,107151.0,105000
Emily Griffith Technical College,35487.0,4600,14357.0,54889.0,52200
Fort Lewis College,46349.0,7100,28571.0,68747.0,71900
Front Range Community College,45910.0,7600,25370.0,69407.0,72700
International Salon and Spa Academy,22332.0,2400,11526.0,41357.0,37100
Lamar Community College,38719.0,4900,20169.0,58927.0,60800
Colorado Mesa University,45823.0,8600,26727.0,67577.0,73500
Metropolitan State University of Denver,52093.0,8200,30445.0,75678.0,76500
Morgan Community College,39429.0,7300,19533.0,60969.0,61200
Naropa University,28720.0,2500,14346.0,51332.0,51400
Nazarene Bible College,41450.0,6500,24161.0,65007.0,76900
Northeastern Junior College,39893.0,7800,24493.0,60693.0,67600
University of Northern Colorado,52231.0,11100,35297.0,71676.0,74500
Otero College,39018.0,5100,21189.0,60668.0,58700
Pikes Peak State College,40796.0,4500,20985.0,61398.0,65600
Pueblo Community College,37434.0,4200,19266.0,57062.0,62400
Red Rocks Community College,46288.0,4600,23711.0,70750.0,72700
Regis University,72105.0,15100,44693.0,108313.0,99900
Rocky Mountain College of Art and Design,42958.0,5400,22213.0,64437.0,66600
Montessori Education Center of the Rockies,44643.0,PS,34067.0,57474.0,PS
Colorado State University Pueblo,55563.0,10000,34654.0,84507.0,71000
Pickens Technical College,39210.0,PS,19249.0,60188.0,PS
Intellitec College-Colorado Springs,42169.0,6100,19758.0,60969.0,64700
Intellitec College-Grand Junction,31541.0,3200,15810.0,45152.0,56200
Trinidad State College,36475.0,4000,16738.0,58823.0,60600
Empire Beauty School-Thornton,24397.0,5300,11012.0,39125.0,46100
Western Colorado University,46833.0,10200,32806.0,66361.0,69600
Albertus Magnus College,60144.0,12600,34829.0,90104.0,100600
University of Bridgeport,50323.0,7800,27040.0,69614.0,78600
Central Connecticut State University,58562.0,13500,38465.0,89439.0,78800
Charter Oak State College,64209.0,9000,36661.0,90195.0,83300
Cortiva Institute,34866.0,5000,12379.0,50785.0,71600
Connecticut College,75001.0,13800,46471.0,120051.0,100300
Porter & Chester Institute of Hamden,42914.0,8500,25429.0,62215.0,78300
University of Connecticut,73997.0,19000,50150.0,109163.0,101800
Goodwin University,43596.0,3800,24711.0,65487.0,51400
Lincoln Technical Institute-East Windsor,38683.0,9900,19113.0,59147.0,72200
Eastern Connecticut State University,56469.0,13600,37092.0,82962.0,74300
Fairfield University,88794.0,28300,56485.0,120240.0,125500
Connecticut State Community College,41344.0,8300,22093.0,63375.0,70600
Rensselaer at Hartford,102051.0,37000,71488.0,137023.0,132000
American Institute-West Hartford,28710.0,3700,13201.0,46812.0,51700
University of Hartford,60823.0,11600,36342.0,85013.0,85200
Mitchell College,39115.0,5200,17742.0,57365.0,62300
Lincoln Technical Institute-New Britain,38683.0,9900,19113.0,59147.0,72200
New England Tractor Trailer Training School of Connecticut,44444.0,6700,22154.0,71036.0,66900
University of New Haven,60126.0,13800,42019.0,84847.0,89500
Porter & Chester Institute,41588.0,7400,21062.0,61919.0,68500
Post University,38696.0,7300,18524.0,65105.0,78800
Quinnipiac University,83759.0,21100,57610.0,112458.0,102400
Sacred Heart University,75059.0,17100,52706.0,106588.0,96600
University of Saint Joseph,59908.0,12200,43084.0,88688.0,80800
Southern Connecticut State University,55043.0,11900,38356.0,78130.0,77300
Trinity College,90779.0,18200,64313.0,139476.0,126800
Wesleyan University,73897.0,11400,46198.0,125026.0,105200
Western Connecticut State University,59115.0,11100,31567.0,86883.0,82600
Yale University,100533.0,15400,66022.0,193688.0,184800
Dawn Career Institute LLC,30429.0,2400,12526.0,43874.0,44100
Delaware Technical Community College-Terry,41448.0,6700,23434.0,61211.0,64100
Delaware State University,49307.0,6600,29089.0,69606.0,64300
University of Delaware,72950.0,19100,50480.0,101260.0,97600
Goldey-Beacom College,59892.0,13400,39905.0,86020.0,83300
Schilling-Douglas School of Hair Design,27420.0,PS,13630.0,38708.0,PS
Wilmington University,53844.0,11700,34180.0,78738.0,78200
American University,77370.0,15000,51260.0,112884.0,110700
The Catholic University of America,73250.0,14000,47330.0,101075.0,97200
University of the District of Columbia,44236.0,8000,21221.0,68748.0,73400
Gallaudet University,43101.0,4600,26348.0,59872.0,60300
George Washington University,90873.0,19300,62102.0,130294.0,137200
Georgetown University,103494.0,28500,66808.0,167685.0,221900
Howard University,63066.0,8800,34222.0,92903.0,92800
Strayer University-District of Columbia,40092.0,11500,20698.0,62129.0,106500
Trinity Washington University,53804.0,11400,30684.0,77621.0,92200
Atlantic Technical College,38560.0,6900,19752.0,59620.0,65200
Baptist University of Florida,42836.0,6700,28100.0,59022.0,69200
Barry University,55966.0,13800,34258.0,83130.0,93200
Bethune-Cookman University,38518.0,6800,20686.0,54236.0,58500
Lynn University,49006.0,6300,27097.0,73029.0,84400
North Florida Technical College,31683.0,PS,13273.0,45789.0,PS
Eastern Florida State College,37195.0,6100,20193.0,56671.0,62600
Broward College,41939.0,8000,21991.0,63877.0,70000
Albizu University-Miami,41544.0,5500,20474.0,60492.0,53500
College of Central Florida,38203.0,7100,21603.0,56432.0,61000
Johnson University Florida,40596.0,6600,24899.0,55177.0,58800
University of Central Florida,58308.0,13000,38654.0,85651.0,86600
Charlotte Technical College,36349.0,1700,20088.0,50964.0,41900
Chipola College,37378.0,6800,21069.0,54848.0,55200
Lorenzo Walker Technical College,36853.0,PS,18389.0,56495.0,PS
Daytona State College,37096.0,4600,19272.0,56849.0,59300
South University-West Palm Beach,34421.0,7100,17463.0,53014.0,67200
Eckerd College,51819.0,8200,32964.0,76174.0,82700
Florida SouthWestern State College,43421.0,6900,26268.0,63096.0,64100
Edward Waters University,34782.0,5500,20670.0,47585.0,55100
Embry-Riddle Aeronautical University-Daytona Beach,84131.0,22400,55392.0,112155.0,115500
Florida Agricultural and Mechanical University,44349.0,9800,27036.0,65195.0,88900
Florida Atlantic University,56746.0,11000,37067.0,81414.0,84800
Florida State College at Jacksonville,42244.0,7400,23927.0,62565.0,65100
Flagler College,49483.0,9800,33439.0,68796.0,69300
Florida College,43445.0,6700,26838.0,68082.0,72800
Concorde Career Institute-Jacksonville,34098.0,4200,18167.0,50485.0,41000
Concorde Career Institute-Miramar,35442.0,4900,18079.0,53471.0,40400
Concorde Career Institute-Tampa,36288.0,6400,19305.0,50586.0,44000
AdventHealth University,72282.0,13500,46439.0,99089.0,83900
Florida Institute of Technology,43137.0,20400,21924.0,71519.0,92300
Florida International University,60249.0,12500,37426.0,87897.0,88000
The College of the Florida Keys,42508.0,3300,22938.0,66494.0,63100
Florida Memorial University,36624.0,5500,19267.0,54357.0,54300
Florida Career College-Miami,28928.0,8400,14577.0,44000.0,68600
Florida Southern College,55294.0,9400,37450.0,81883.0,69400
Florida State University,61675.0,14900,40653.0,90690.0,87300
University of Florida,71588.0,15900,47083.0,106122.0,109000
Fort Pierce Beauty Academy,23091.0,2100,11627.0,36609.0,33700
Full Sail University,38219.0,7300,18089.0,62244.0,78000
George Stone Technical College,35234.0,2600,16108.0,53584.0,46900
George T Baker Aviation Technical College,52312.0,8700,27081.0,82531.0,79800
Gulf Coast State College,38359.0,4900,20608.0,56280.0,59100
Key College,42267.0,PS,20573.0,59419.0,PS
Hillsborough Community College,40782.0,7300,22231.0,60796.0,66700
Cortiva Institute,29204.0,5100,12003.0,42851.0,55800
Indian River State College,38315.0,7100,21540.0,56244.0,61400
International Academy,19824.0,4300,9796.0,34933.0,42400
Jacksonville University,68010.0,13800,40141.0,99286.0,91700
Keiser University-Ft Lauderdale,39696.0,4900,21628.0,60050.0,62400
La Belle Beauty School,16879.0,4200,10274.0,27241.0,30600
Florida Gateway College,37894.0,6000,21851.0,55093.0,64700
Lake Technical College,32793.0,7300,16824.0,55571.0,59800
Lake-Sumter State College,39876.0,6400,23045.0,57179.0,63000
Fort Myers Technical College,40082.0,4600,18961.0,60165.0,60500
Lively Technical College,30413.0,3700,15384.0,44728.0,44800
Lindsey Hopkins Technical College,34107.0,3900,16436.0,52291.0,58800
Loraines Academy & Spa,18342.0,4000,9241.0,34304.0,41100
Luther Rice College & Seminary,47003.0,PS,24933.0,68238.0,PS
State College of Florida-Manatee-Sarasota,40318.0,5900,22359.0,58900.0,65500
Manatee Technical College,38129.0,4600,21785.0,57490.0,56200
Traviss Technical College,39813.0,4700,22593.0,56020.0,59000
Trinity International University-Florida,46989.0,8800,29118.0,68518.0,76100
Miami Lakes Educational Center and Technical College,35014.0,8300,16880.0,56469.0,58000
Miami Dade College,40654.0,7900,20876.0,62653.0,65800
University of Miami,75328.0,12300,49163.0,115933.0,112900
Orange Technical College-South Campus,33350.0,4700,16588.0,51223.0,51200
Paul Mitchell the School-Jacksonville,34949.0,PS,15883.0,56410.0,PS
North Florida College,33929.0,6700,18775.0,52202.0,48000
University of North Florida,56343.0,11700,37373.0,79957.0,82600
Nova Southeastern University,59209.0,13300,34270.0,92510.0,112300
Northwest Florida State College,39664.0,6400,21051.0,57646.0,62300
Orange Technical College,36650.0,7600,16680.0,52538.0,58700
Palm Beach Atlantic University,49232.0,7400,29283.0,76114.0,81300
Palm Beach State College,41923.0,7100,23109.0,62462.0,65000
Pasco-Hernando State College,39903.0,5300,21632.0,59483.0,62400
Pensacola State College,36739.0,6000,19318.0,56096.0,59600
Pinellas Technical College-Clearwater,34627.0,4900,15159.0,51446.0,53100
Polk State College,40624.0,7500,23502.0,60243.0,63100
Radford M Locklin Technical College,35997.0,PS,19229.0,53554.0,PS
Ridge Technical College,33484.0,PS,15537.0,51891.0,PS
Ringling College of Art and Design,43325.0,6900,21453.0,79118.0,92400
Robert Morgan Educational Center and Technical College,37543.0,5900,17342.0,61088.0,53900
Rollins College,58295.0,11200,32866.0,89810.0,91400
First Coast Technical College,33784.0,2400,16905.0,51463.0,45300
Saint Leo University,48364.0,11900,28410.0,70530.0,89400
St Petersburg College,42557.0,6400,23808.0,63709.0,66200
Pinellas Technical College-St. Petersburg,36188.0,5500,17393.0,52280.0,55000
Santa Fe College,41631.0,8300,23742.0,62377.0,70700
Suncoast Technical College,40621.0,PS,20339.0,60021.0,PS
Seminole State College of Florida,41733.0,7200,23051.0,62446.0,68000
Sheridan Technical College,33166.0,7800,15634.0,52798.0,60700
Saint Johns River State College,41728.0,7100,23951.0,60854.0,64300
South Florida State College,39990.0,4900,24070.0,57852.0,57600
University of South Florida,57743.0,12200,38636.0,84504.0,81300
St. Thomas University,54272.0,9200,32619.0,82134.0,90000
Stetson University,51642.0,12300,32864.0,76909.0,88300
Southeastern University,46744.0,6000,28202.0,63763.0,62600
Bene's Career Academy,19359.0,3000,7521.0,37408.0,42500
Riveroak Technical College,31778.0,PS,16577.0,46558.0,PS
Tallahassee State College,37561.0,7200,20148.0,56002.0,63300
The University of Tampa,59436.0,11900,38879.0,87838.0,88400
Big Bend Technical College,27609.0,PS,13588.0,47328.0,PS
Tom P. Haney Technical College,28254.0,3000,12934.0,44903.0,45100
Trinity Baptist College,37275.0,5500,25053.0,56949.0,56000
Trinity College of Florida,32465.0,PS,14547.0,52613.0,PS
Valencia College,40594.0,7700,22495.0,60732.0,66000
Warner University,46086.0,15100,26799.0,60997.0,83600
Florida Panhandle Technical College,32320.0,3200,15562.0,48568.0,44000
Webber International University,45606.0,10600,26734.0,70198.0,69700
Rasmussen University-Florida,39080.0,8300,21835.0,57587.0,58200
University of West Florida,49137.0,9500,32366.0,73762.0,74300
Orange Technical College-West Campus,25145.0,PS,12662.0,41361.0,PS
William T McFatter Technical College,41656.0,4000,24734.0,62109.0,64600
Orange Technical College-East Campus,31858.0,2200,15821.0,49393.0,41200
Withlacoochee Technical College,34279.0,4600,16233.0,53369.0,51100
Abraham Baldwin Agricultural College,34996.0,8900,19421.0,53296.0,64500
Agnes Scott College,56274.0,8200,33082.0,77511.0,79600
Interactive College of Technology-Chamblee,27065.0,5200,13374.0,45748.0,50800
Interactive College of Technology-Morrow,27065.0,5200,13374.0,45748.0,50800
Albany Technical College,30541.0,5200,16430.0,47525.0,51400
Albany State University,40674.0,10300,23741.0,59552.0,61200
Andrew College,38475.0,7400,21528.0,52818.0,50500
Georgia Career Institute,23686.0,2400,11315.0,39921.0,40200
Atlanta Technical College,30350.0,5500,14500.0,48443.0,50900
Point University,38740.0,8400,19421.0,59089.0,59500
Atlanta Metropolitan State College,33252.0,5400,16361.0,51378.0,54700
Atlanta School of Massage,25301.0,4100,10524.0,45655.0,61000
Clark Atlanta University,42712.0,6600,22235.0,62609.0,71600
Augusta Technical College,33523.0,5900,18463.0,51114.0,53000
Berry College,53800.0,10600,36699.0,74990.0,82500
Brenau University,54003.0,14600,34083.0,79256.0,77600
Brewton-Parker College,42009.0,8900,25920.0,56205.0,63000
College of Coastal Georgia,39318.0,5600,19732.0,59937.0,60000
West Georgia Technical College,35479.0,6200,18056.0,53505.0,57500
Clayton  State University,49179.0,10400,27996.0,74456.0,73500
Columbus Technical College,34238.0,6600,18245.0,49911.0,54300
Columbus State University,44544.0,9900,27521.0,62748.0,69100
Georgia Northwestern Technical College,35759.0,5600,19147.0,52724.0,51800
Covenant College,50412.0,7100,33938.0,73784.0,83600
Dalton State College,40251.0,6600,24619.0,56194.0,57700
Pro Way Hair School,21586.0,PS,11054.0,39836.0,PS
South University-Savannah,34421.0,7100,17463.0,53014.0,67200
East Georgia State College,37174.0,9400,21086.0,56384.0,58800
Emmanuel University,38208.0,7000,18566.0,57243.0,60000
Emory University,80137.0,18300,57523.0,120080.0,135900
Georgia Highlands College,43184.0,7300,25592.0,65191.0,68500
Fort Valley State University,36666.0,7900,19149.0,53170.0,58300
Grady Health System Professional Schools,60726.0,PS,34696.0,85501.0,PS
Georgia Institute of Technology-Main Campus,102772.0,23700,73294.0,136204.0,130000
Georgia Southwestern State University,48757.0,9100,32438.0,69561.0,69000
Georgia College & State University,58140.0,11300,39235.0,82395.0,70600
Georgia Southern University,53236.0,12000,32941.0,79064.0,75900
Georgia State University,47384.0,10200,24994.0,72355.0,81800
University of Georgia,68726.0,14200,45171.0,102181.0,96200
Gordon State College,37871.0,7100,20411.0,55521.0,60800
Southern Crescent Technical College,36104.0,6300,18492.0,52236.0,53300
Gupton Jones College of Funeral Service,42636.0,9000,26878.0,61852.0,60200
Gwinnett College-Lilburn,31422.0,5300,14566.0,44935.0,46700
Gwinnett Technical College,45025.0,6600,24949.0,66239.0,69800
LaGrange College,51745.0,14800,32714.0,72273.0,70500
Lanier Technical College,37623.0,3600,20654.0,56857.0,54600
Life University,47397.0,7100,25502.0,73921.0,90300
Chattahoochee Technical College,37138.0,5200,18614.0,56819.0,58800
Herzing University-Atlanta,36909.0,12300,19077.0,56514.0,77200
Mercer University,58354.0,13400,36398.0,85903.0,114200
Morehouse College,52889.0,7000,29053.0,82328.0,96300
North Georgia Technical College,32932.0,3900,16709.0,49841.0,43700
Oglethorpe University,55232.0,7600,33088.0,87292.0,91000
Paine College,33338.0,6400,18210.0,49443.0,56000
Piedmont University,49130.0,8100,33695.0,70024.0,67100
Miami Ad School-Atlanta,106192.0,9800,48682.0,158386.0,167100
Reinhardt University,46541.0,10300,29886.0,67335.0,65500
Savannah Technical College,33018.0,6100,17510.0,49609.0,54500
Savannah College of Art and Design,45954.0,8100,22720.0,74382.0,78400
Savannah State University,37981.0,8400,20193.0,56131.0,64700
Shorter University,44604.0,12100,27477.0,64265.0,85400
South Georgia Technical College,30364.0,5100,15356.0,46878.0,53500
Spelman College,59993.0,12100,40168.0,86219.0,87400
Thomas University,49716.0,6200,31997.0,74817.0,69400
Toccoa Falls College,36630.0,6200,21730.0,53553.0,52700
Truett McConnell University,46700.0,8200,30962.0,63630.0,64600
Wiregrass Georgia Technical College,30864.0,5800,16411.0,46280.0,46600
Valdosta State University,49361.0,11300,31232.0,69186.0,68600
Wesleyan College,44317.0,7200,25212.0,60741.0,67300
University of West Georgia,49587.0,10000,31963.0,69802.0,69000
Young Harris College,47195.0,8500,28097.0,66894.0,64000
Chaminade University of Honolulu,52343.0,10500,32180.0,73655.0,77200
University of Hawaii at Hilo,47856.0,7300,26276.0,68319.0,69000
University of Hawaii at Manoa,57624.0,12200,34835.0,84162.0,89000
Hawaii Institute of Hair Design,25235.0,PS,8730.0,38129.0,PS
Hawaii Pacific University,59593.0,9700,35751.0,90587.0,97500
Honolulu Community College,45105.0,4700,25858.0,69754.0,69200
Kapiolani Community College,44599.0,5600,23269.0,68007.0,81000
Kauai Community College,36868.0,9500,17418.0,58279.0,76200
Leeward Community College,39899.0,6300,21460.0,58317.0,70900
University of Hawaii Maui College,34453.0,5200,15875.0,56675.0,61000
University of Hawaii-West Oahu,52075.0,10400,32168.0,71489.0,72000
Windward Community College,38439.0,6500,20583.0,59869.0,66500
Carrington College-Boise,43731.0,2900,24610.0,71829.0,52600
Boise Bible College,33140.0,PS,15380.0,52277.0,PS
Boise State University,51658.0,7800,32650.0,76483.0,75100
College of Eastern Idaho,42057.0,6200,26439.0,65592.0,54200
Idaho State University,45608.0,6800,26351.0,70935.0,82600
University of Idaho,54670.0,11100,34494.0,80860.0,83100
The College of Idaho,48473.0,10800,28152.0,71310.0,79600
Lewis-Clark State College,46001.0,6700,27168.0,66552.0,65200
Aveda Institute-Twin Falls,26171.0,PS,12499.0,38719.0,PS
North Idaho College,40081.0,5000,21825.0,60627.0,62500
Northwest Nazarene University,51719.0,8700,32147.0,76869.0,72900
Nathan Layne Institute of Cosmetology,22209.0,PS,10136.0,37590.0,PS
Brigham Young University-Idaho,53406.0,4500,26332.0,85303.0,88300
College of Southern Idaho,40916.0,4900,23099.0,60906.0,59400
American Academy of Art College,34324.0,7900,15996.0,47746.0,60000
School of the Art Institute of Chicago,40151.0,3900,19505.0,65300.0,68500
Augustana College,62971.0,19900,45347.0,87097.0,89900
Aurora University,58709.0,12100,41124.0,82940.0,79500
Southwestern Illinois College,36884.0,4700,19733.0,55249.0,59500
Black Hawk College,37253.0,5700,19407.0,55806.0,61200
Blackburn College,46802.0,11400,32912.0,63312.0,71600
Blessing Rieman College of Nursing and Health Sciences,72430.0,PS,52110.0,95088.0,PS
Bradley University,66852.0,18200,44657.0,91207.0,96700
Paul Mitchell the School-Tinley Park,28378.0,4900,12286.0,46335.0,49600
Cameo Beauty Academy,24513.0,PS,10564.0,38504.0,PS
Cannella School of Hair Design-Villa Park,26970.0,PS,11260.0,42546.0,PS
Cannella School of Hair Design-Chicago,18132.0,1500,10104.0,31562.0,29100
Cannella School of Hair Design-Chicago,29075.0,5000,12167.0,41175.0,34400
Capri Beauty College,26804.0,4700,10464.0,43861.0,47600
Carl Sandburg College,35274.0,5800,19958.0,52694.0,59200
The Chicago School at Chicago,56899.0,PS,37351.0,81942.0,PS
Chicago State University,42778.0,6800,21510.0,64024.0,70700
University of Chicago,91885.0,16700,60576.0,158433.0,195000
City Colleges of Chicago-Kennedy-King College,28467.0,5500,12826.0,47277.0,55100
City Colleges of Chicago-Malcolm X College,32427.0,5900,14291.0,51427.0,55500
City Colleges of Chicago-Olive-Harvey College,31114.0,5600,13338.0,48302.0,58700
City Colleges of Chicago-Harry S Truman College,36484.0,5600,15519.0,59731.0,72400
City Colleges of Chicago-Richard J Daley College,37962.0,7700,18639.0,58076.0,59800
City Colleges of Chicago-Harold Washington College,36531.0,5000,16263.0,56444.0,56800
City Colleges of Chicago-Wilbur Wright College,41625.0,7200,21879.0,64232.0,66300
Columbia College Chicago,42195.0,5900,20974.0,65271.0,68900
Concordia University-Chicago,54089.0,9100,36112.0,75178.0,76900
Danville Area Community College,34867.0,4500,16181.0,54942.0,55200
Tricoci University of Beauty Culture,18077.0,PS,9096.0,31956.0,PS
DePaul University,68751.0,12200,42705.0,101987.0,99700
Cosmetology & Spa Academy,29779.0,PS,15340.0,48382.0,PS
College of DuPage,46909.0,6900,24422.0,71464.0,74200
East-West University,29963.0,5700,12703.0,47010.0,50400
Eastern Illinois University,51989.0,14000,35825.0,72492.0,77000
Elgin Community College,45516.0,4900,25345.0,67049.0,63200
Elmhurst University,61462.0,12700,41317.0,84145.0,85700
Eureka College,51641.0,10200,35183.0,66939.0,72100
First Institute of Travel Inc.,36196.0,7600,23404.0,46935.0,65700
Fox College,41539.0,7700,25745.0,58293.0,60400
Governors State University,58169.0,10900,37592.0,84427.0,80400
Graham Hospital School of Nursing,63586.0,PS,48206.0,77080.0,PS
Greenville University,46827.0,8500,31411.0,64428.0,70500
G Skin & Beauty Institute,29032.0,PS,13741.0,43057.0,PS
Hair Professionals School of Cosmetology,23412.0,PS,11699.0,40441.0,PS
Hebrew Theological College,33291.0,PS,20241.0,59275.0,PS
Highland Community College,37928.0,4900,19695.0,56606.0,58100
University of Illinois Chicago,68740.0,14300,44790.0,95794.0,106700
Benedictine University,63446.0,15400,40888.0,87863.0,97500
University of Illinois Urbana-Champaign,81054.0,20800,54886.0,116541.0,112000
Illinois Wesleyan University,70871.0,19400,50689.0,98120.0,104500
Illinois Central College,37366.0,6500,20499.0,57951.0,65100
Illinois College,52575.0,16100,37164.0,78809.0,73600
Illinois Eastern Community Colleges,37533.0,4600,20857.0,56976.0,52900
Illinois Institute of Technology,82592.0,22400,56428.0,113769.0,118200
Illinois State University,62117.0,16500,44007.0,86157.0,81200
Illinois Valley Community College,40810.0,4100,24244.0,63030.0,62700
John A Logan College,34096.0,4500,17621.0,54218.0,56100
John Wood Community College,38631.0,4900,23915.0,56187.0,53700
Joliet Junior College,42889.0,6300,23236.0,66581.0,66900
Judson University,56313.0,10400,37531.0,79120.0,86400
Kankakee Community College,38767.0,4400,19449.0,60558.0,59200
Kaskaskia College,38801.0,4800,20913.0,58748.0,53400
Kishwaukee College,39657.0,6000,19994.0,62890.0,65100
Knox College,54820.0,11500,35617.0,80037.0,87000
Educators of Beauty College of Cosmetology-Peru,21949.0,PS,9470.0,29847.0,PS
College of Lake County,43424.0,6300,25444.0,65365.0,70000
Lake Forest College,61825.0,14300,41213.0,88777.0,99500
Lake Land College,38877.0,5400,22537.0,56570.0,61300
Lakeview College of Nursing,84522.0,PS,60508.0,111009.0,PS
Lewis and Clark Community College,37724.0,3800,20679.0,59989.0,57800
Lewis University,66099.0,12300,44698.0,91311.0,91900
Lincoln Christian University,43038.0,6400,25614.0,66012.0,60700
Lincoln Land Community College,38479.0,6600,22363.0,56033.0,61200
Lincoln College of Technology-Melrose Park,38683.0,9900,19113.0,59147.0,72200
Loyola University Chicago,71530.0,15900,49691.0,99274.0,96900
Trinity College of Nursing & Health Sciences,58743.0,PS,40887.0,80204.0,PS
Steven Papageorge Hair Academy,29592.0,PS,13573.0,53147.0,PS
Generations College,34706.0,4800,15080.0,59507.0,54300
McHenry County College,45143.0,5500,27448.0,65865.0,62600
McKendree University,58572.0,12200,39892.0,83018.0,77100
Methodist College,69800.0,PS,46643.0,89313.0,PS
Millikin University,51262.0,15000,33474.0,72474.0,81900
Monmouth College,51110.0,13900,33309.0,69258.0,74900
Moraine Valley Community College,43892.0,6700,22728.0,67636.0,71900
Morrison Institute of Technology,63571.0,13900,48142.0,77529.0,70700
Morton College,42406.0,7000,24204.0,63245.0,67100
National Louis University,45799.0,9600,26351.0,68973.0,101300
National University of Health Sciences,58723.0,6800,25044.0,80105.0,95900
Cosmetology Concepts Niles,20303.0,PS,11124.0,38049.0,PS
North Central College,60123.0,13000,41286.0,83972.0,82200
North Park University,59572.0,9600,37927.0,81814.0,79000
Northern Illinois University,57808.0,13000,37890.0,83290.0,82800
Northwestern University,89363.0,16800,61037.0,139122.0,173600
Northeastern Illinois University,52234.0,8000,32480.0,75431.0,72000
Oakton College,47852.0,8800,24249.0,73719.0,83500
Oehrlein School of Cosmetology,18890.0,PS,9594.0,33592.0,PS
Olivet Nazarene University,53213.0,9600,34206.0,80621.0,73500
Parkland College,38320.0,5800,19002.0,59450.0,65500
Prairie State College,36696.0,5000,17424.0,56976.0,61500
Quincy University,50369.0,11700,34763.0,67726.0,73200
Rend Lake College,35775.0,3900,18022.0,54603.0,60900
Richland Community College,38793.0,4300,19393.0,57739.0,56100
Rock Valley College,39158.0,6100,21986.0,59068.0,65000
Rockford University,54794.0,9900,37948.0,75592.0,70900
Roosevelt University,48712.0,10400,27597.0,71216.0,83000
Dominican University,60327.0,12000,39029.0,81636.0,78800
Rush University,75194.0,33600,51402.0,104359.0,242500
Saint Francis Medical Center College of Nursing,72850.0,PS,52913.0,96255.0,PS
University of St Francis,63926.0,12500,45128.0,90346.0,85300
St. John's College-Department of Nursing,86331.0,PS,69989.0,110781.0,PS
Saint Xavier University,58656.0,13100,39439.0,84749.0,81800
University of Illinois Springfield,57103.0,12600,38573.0,81440.0,75100
Sauk Valley Community College,40458.0,5900,22463.0,61389.0,59300
Shawnee Community College,32999.0,4900,17040.0,50199.0,53700
St. Augustine College,35723.0,7000,18254.0,48812.0,47600
Southeastern Illinois College,33763.0,5200,16546.0,50143.0,63100
National Latino Education Institute,37120.0,PS,19862.0,47239.0,PS
Spoon River College,38386.0,6300,20734.0,57440.0,55300
Saint Anthony College of Nursing,77709.0,PS,55822.0,98232.0,PS
Educators of Beauty College of Cosmetology-Sterling,21463.0,1800,11218.0,36403.0,39400
Southern Illinois University-Carbondale,53390.0,10800,34030.0,77347.0,83600
Southern Illinois University Edwardsville,56346.0,11300,37805.0,82428.0,80100
Taylor Business Institute,25559.0,4600,11744.0,41050.0,42600
South Suburban College,33680.0,5400,16097.0,52877.0,64500
Trinity Christian College,55700.0,11300,37795.0,75406.0,73700
Trinity International University-Illinois,46989.0,8800,29118.0,68518.0,76100
Triton College,41728.0,7200,21791.0,62463.0,71000
University of Spa & Cosmetology Arts,27084.0,2700,13364.0,41821.0,39800
VanderCook College of Music,47863.0,PS,30624.0,64978.0,PS
Waubonsee Community College,44788.0,5600,25469.0,67992.0,62000
Western Illinois University,54163.0,13400,37122.0,76551.0,77400
Wheaton College,63756.0,7700,38482.0,91183.0,101000
William Rainey Harper College,48071.0,6800,25536.0,73829.0,75200
Anderson University,48899.0,10100,30753.0,72582.0,71900
Ball State University,51833.0,12500,36578.0,72407.0,69300
Bethel University,48860.0,8500,29348.0,72745.0,70900
Butler University,77235.0,19500,50535.0,124552.0,122100
Calumet College of Saint Joseph,46945.0,6900,22559.0,70968.0,91800
College of Court Reporting Inc,43927.0,PS,27253.0,59109.0,PS
Tricoci University of Beauty Culture-Highland,22374.0,PS,10343.0,38552.0,PS
DePauw University,70527.0,16700,47395.0,104082.0,102600
Don Roberts School of Hair Design,19976.0,PS,11311.0,35518.0,PS
Earlham College,50797.0,9800,29949.0,74089.0,71700
University of Evansville,53770.0,12000,35569.0,81201.0,78600
Franklin College,55376.0,16600,41613.0,75979.0,75000
Goshen College,51943.0,8000,34174.0,78266.0,72200
Grace College and Theological Seminary,45411.0,6400,30731.0,64018.0,68200
Hanover College,53957.0,16500,39840.0,72874.0,78000
J Michael Harrold Beauty Academy,26999.0,PS,10729.0,41437.0,PS
Holy Cross College,50416.0,10700,29455.0,72234.0,85000
PJ's College of Cosmetology-Clarksville,22402.0,PS,11471.0,35886.0,PS
Huntington University,46672.0,9400,30290.0,68756.0,65800
Ivy Tech Community College,37186.0,5700,18879.0,55544.0,58200
Purdue University Fort Wayne,45872.0,9200,28749.0,65825.0,70200
Indiana University-Indianapolis,55198.0,9600,36193.0,78569.0,77500
University of Indianapolis,53610.0,13200,35018.0,75851.0,75400
Indiana Institute of Technology,47327.0,9600,28223.0,70604.0,82000
University of Southern Indiana,47605.0,10500,32217.0,68038.0,66200
Indiana State University,48387.0,9800,32998.0,69512.0,67400
Indiana University-Kokomo,49917.0,7800,31897.0,71848.0,65000
Indiana University-South Bend,44947.0,8000,28497.0,64093.0,61300
Indiana University-Bloomington,63742.0,14000,41928.0,95667.0,94200
Indiana University-Northwest,43361.0,10400,22336.0,65135.0,70400
Indiana University-Southeast,47596.0,7600,31303.0,66990.0,64700
Indiana University-East,47156.0,5800,28677.0,68202.0,61200
International Business College-Indianapolis,38146.0,6000,24798.0,49370.0,46200
Lincoln College of Technology-Indianapolis,46396.0,6300,25586.0,66729.0,57900
Manchester University,51504.0,12900,36585.0,71309.0,67400
Marian University,58759.0,11000,39146.0,84617.0,73700
Indiana Wesleyan University-Marion,59986.0,12300,38195.0,88091.0,93300
Martin University,22544.0,4900,10062.0,39790.0,49700
Mid-America College of Funeral Service,44505.0,PS,23991.0,67830.0,PS
University of Notre Dame,99980.0,26000,67690.0,141307.0,154400
Oakland City University,43283.0,6900,25495.0,60601.0,72900
PJ's College of Cosmetology-Richmond,24039.0,PS,10374.0,30459.0,PS
Ravenscroft Beauty College,23187.0,3700,10893.0,37575.0,38300
Rogers Academy of Hair Design,22590.0,PS,10145.0,36106.0,PS
Rose-Hulman Institute of Technology,101253.0,31300,80529.0,124107.0,116000
University of Saint Francis-Fort Wayne,55362.0,10900,38198.0,77897.0,76600
Saint Mary-of-the-Woods College,43845.0,7000,28158.0,57132.0,54200
Saint Mary's College,59354.0,13400,42254.0,82518.0,85200
Saint Elizabeth School of Nursing,65230.0,PS,46541.0,90189.0,PS
Taylor University,52198.0,6200,36142.0,72651.0,80800
Trine University,57165.0,11400,38069.0,82880.0,79800
Valparaiso University,63191.0,17000,42013.0,89612.0,88700
Vincennes Beauty College,20064.0,PS,7937.0,37038.0,PS
Vincennes University,41110.0,7800,23034.0,59999.0,66000
Wabash College,69952.0,19300,43277.0,97893.0,101800
Allen College,71261.0,16600,47892.0,98634.0,79700
Briar Cliff University,54475.0,15100,37025.0,74880.0,74200
Buena Vista University,49156.0,11200,33767.0,64964.0,65900
Capri College-Dubuque,28266.0,5200,15198.0,39374.0,38500
Capri College-Cedar Rapids,29307.0,3600,14757.0,47106.0,42100
Central College,54317.0,11700,38298.0,71084.0,77700
Clarke University,55396.0,15200,41376.0,75443.0,75300
Coe College,57125.0,16600,40127.0,80381.0,72700
Cornell College,53460.0,12300,36797.0,75013.0,77200
Des Moines Area Community College,41018.0,8300,21828.0,60028.0,63200
Dordt University,52559.0,7500,36110.0,72670.0,74500
Drake University,71901.0,20100,47785.0,110436.0,130200
University of Dubuque,51190.0,10000,36142.0,72876.0,65100
Ellsworth Community College,40562.0,5000,23291.0,58572.0,60600
Emmaus Bible College,42631.0,PS,23874.0,60207.0,PS
Eastern Iowa Community College District,39060.0,5700,20277.0,58998.0,62300
Faith Baptist Bible College and Theological Seminary,40650.0,2500,17198.0,59192.0,60400
Graceland University-Lamoni,47361.0,12100,31336.0,72886.0,67100
Grand View University,52824.0,9500,37007.0,72589.0,66000
Grinnell College,62830.0,12300,38836.0,90289.0,96600
Orion Technical College,37008.0,6300,21217.0,59239.0,73600
Hawkeye Community College,42849.0,8500,26051.0,61050.0,66200
Indian Hills Community College,40507.0,6100,22194.0,58915.0,60100
Iowa Central Community College,42046.0,7400,24936.0,59799.0,59800
Iowa Lakes Community College,43108.0,7200,26631.0,61799.0,57200
Iowa School of Beauty-Des Moines,25803.0,PS,13080.0,43302.0,PS
Iowa State University,63386.0,17800,43544.0,90188.0,90100
Iowa Western Community College,42793.0,7800,25532.0,61019.0,61200
University of Iowa,64762.0,17300,44345.0,93325.0,101700
Kirkwood Community College,41016.0,8100,22310.0,59805.0,62800
La James International College-Cedar Falls,25575.0,PS,9595.0,41322.0,PS
La James International College-Johnston,27401.0,2900,12493.0,45375.0,47100
La James College of Hairstyling and Cosmetology,27484.0,2600,12813.0,38953.0,36900
La James International College-Ft Dodge,26679.0,PS,13682.0,41626.0,PS
Loras College,58289.0,17400,43268.0,82689.0,81900
Luther College,59850.0,14200,42196.0,82716.0,80200
Maharishi International University,27981.0,PS,11123.0,56573.0,PS
Marshalltown Community College,41010.0,6500,23459.0,57594.0,57000
Mercy College of Health Sciences,62234.0,8700,42673.0,82563.0,77300
Morningside University,55494.0,13300,38502.0,76503.0,61600
Mount Mercy University,60787.0,17000,44476.0,83487.0,75000
Ashford University,35404.0,10200,17745.0,55420.0,66400
North Iowa Area Community College,43462.0,7700,26244.0,59290.0,59000
University of Northern Iowa,55177.0,17600,40595.0,72594.0,74100
Northwestern College,49802.0,10800,35860.0,69611.0,65900
Northeast Iowa Community College,41306.0,8300,24896.0,58281.0,58700
Northwest Iowa Community College,50776.0,11400,32871.0,74189.0,74600
Palmer College of Chiropractic,59483.0,8600,40256.0,76303.0,100200
PCI Academy-Ames,31330.0,PS,13811.0,45408.0,PS
Saint Ambrose University,59531.0,16400,40633.0,80745.0,82000
St Luke's College,61033.0,PS,40803.0,77622.0,PS
La James International College-Davenport,23303.0,PS,10495.0,36027.0,PS
Simpson College,59274.0,17700,42841.0,81432.0,79500
Southeastern Community College,36882.0,5000,19031.0,55291.0,54900
Southwestern Community College,40129.0,6200,24224.0,56339.0,58000
Capri College-Davenport,26932.0,4700,11515.0,40000.0,41500
Iowa School of Beauty-Sioux City,26654.0,PS,11878.0,46074.0,PS
SOHO Hair Academy,17349.0,PS,13112.0,34819.0,PS
Upper Iowa University,52766.0,10500,34231.0,73435.0,74800
Waldorf University,51165.0,13000,31771.0,79077.0,66000
Wartburg College,56201.0,15500,41047.0,77239.0,80900
The Salon Professional Academy-Cedar Falls,20955.0,PS,9336.0,33657.0,PS
Western Iowa Tech Community College,40473.0,7400,25850.0,58572.0,56700
William Penn University,48936.0,10700,29672.0,69661.0,76800
Allen County Community College,40059.0,5600,23783.0,56303.0,59500
Baker University,63855.0,15000,42665.0,90310.0,89300
Barton County Community College,40428.0,5400,22405.0,59776.0,66000
Benedictine College,53175.0,10100,34898.0,74536.0,73100
Bethany College,49694.0,10800,32608.0,65722.0,77900
Bethel College-North Newton,49898.0,12700,33144.0,70949.0,62200
Butler Community College,41206.0,6900,24164.0,60347.0,63500
Central Christian College of Kansas,44468.0,6000,25841.0,67221.0,61600
Cloud County Community College,39883.0,6900,23817.0,59067.0,56100
Coffeyville Community College,35246.0,5100,19276.0,53374.0,64800
Colby Community College,41889.0,8600,25672.0,58805.0,64200
Cowley County Community College,37723.0,5600,20410.0,56548.0,62500
Dodge City Community College,45427.0,8000,25500.0,66776.0,60800
Donnelly College,35715.0,5300,19274.0,52112.0,46900
Emporia State University,47601.0,10100,32486.0,63000.0,64500
Flint Hills Technical College,47007.0,2500,29352.0,66690.0,61300
Fort Hays State University,48928.0,11600,32233.0,68294.0,69000
Barclay College,36355.0,PS,24174.0,52119.0,PS
Friends University,52113.0,12300,34181.0,78208.0,85900
Fort Scott Community College,37213.0,4400,18143.0,57831.0,57800
Garden City Community College,41704.0,8200,24292.0,59874.0,62000
Haskell Indian Nations University,37043.0,3500,19832.0,51759.0,54400
Hays Academy of Hair Design,23712.0,PS,13159.0,35577.0,PS
Hesston College,47495.0,9100,30239.0,66197.0,67500
Highland Community College,41291.0,6700,23970.0,60908.0,64700
Hutchinson Community College,43470.0,7900,26365.0,62234.0,60600
Independence Community College,34941.0,5700,17730.0,51048.0,57400
Johnson County Community College,45387.0,7700,26049.0,66262.0,70500
Concorde Career College-Kansas City,35242.0,4200,19813.0,50192.0,41800
Kansas City Kansas Community College,40795.0,5600,22336.0,60274.0,61500
University of Kansas,61945.0,13700,40390.0,88093.0,91600
Newman University,55041.0,9300,36017.0,73763.0,76100
Kansas State University,57262.0,13200,38852.0,82952.0,85600
Kansas Wesleyan University,51152.0,9900,34126.0,77736.0,63200
Washburn Institute of Technology,49774.0,10300,32138.0,69324.0,70200
Labette Community College,37818.0,6100,22999.0,55398.0,59800
Manhattan Area Technical College,51864.0,9300,32955.0,73011.0,70600
Manhattan Christian College,48860.0,4400,31461.0,62911.0,73100
McPherson College,52084.0,7300,34701.0,71211.0,67500
MidAmerica Nazarene University,62972.0,10100,38927.0,90384.0,85600
Neosho County Community College,45966.0,6000,27024.0,65668.0,60500
Fort Hays Tech North Central,46928.0,11700,31332.0,65352.0,68800
Fort Hays State University-Northwest Kansas Technical College,38616.0,11200,23205.0,60460.0,71200
Ottawa University-Ottawa,55552.0,11200,35894.0,79726.0,78100
Ottawa University-Kansas City,55552.0,11200,35894.0,79726.0,78100
Pittsburg State University,50579.0,12800,34185.0,71917.0,74800
Pratt Community College,51892.0,7100,31424.0,79952.0,67900
University of Saint Mary,59483.0,15300,38980.0,85139.0,71200
Salina Area Technical College,42175.0,7000,28341.0,57804.0,57100
Seward County Community College,41445.0,6400,25070.0,59123.0,64100
Southwestern College,55646.0,14500,38550.0,81142.0,88100
Sterling College,45846.0,4800,29191.0,64510.0,63200
Tabor College,54058.0,9500,33453.0,76326.0,72700
Washburn University,49774.0,10300,32138.0,69324.0,70200
Wichita State University-Campus of Applied Sciences and Technology,38679.0,3600,19430.0,60710.0,58600
Wichita State University,51532.0,9700,33001.0,72524.0,78100
Wichita Technical Institute,34101.0,5800,17877.0,50411.0,70600
Alice Lloyd College,40573.0,7200,26009.0,56879.0,76400
Asbury University,42368.0,6100,26611.0,60619.0,64900
Ashland Community and Technical College,34504.0,3300,16193.0,55750.0,55800
Bellarmine University,62069.0,16500,42145.0,86137.0,84000
Berea College,43150.0,10400,26672.0,63165.0,65000
PJ's College of Cosmetology-Bowling Green,20392.0,2900,8563.0,37477.0,37700
Southcentral Kentucky Community and Technical College,34242.0,5700,16113.0,53331.0,56300
Brescia University,45500.0,12200,30932.0,61499.0,65700
Campbellsville University,41583.0,9300,25458.0,58771.0,60800
Bluegrass Community and Technical College,36343.0,4000,18236.0,55372.0,52000
Centre College,66240.0,18000,45965.0,98933.0,94000
Clear Creek Baptist Bible College,41623.0,PS,26378.0,67737.0,PS
Paul Mitchell the School-Lexington,23207.0,PS,9300.0,37444.0,PS
Galen College of Nursing-Louisville,61480.0,7200,39823.0,83347.0,62800
University of the Cumberlands,45036.0,8000,28579.0,63134.0,64200
Eastern Kentucky University,45795.0,8200,29173.0,66400.0,64500
Elizabethtown Community and Technical College,36143.0,5500,18734.0,54609.0,58400
Georgetown College,52074.0,14400,35634.0,77834.0,79900
PJ's College of Cosmetology-Glasgow,18537.0,PS,7793.0,32672.0,PS
Hazard Community and Technical College,29868.0,4000,14924.0,49067.0,54400
Paul Mitchell the School-Louisville,28449.0,PS,10509.0,45310.0,PS
Henderson Community College,35714.0,3400,20328.0,51119.0,56000
Hopkinsville Community College,36323.0,6000,19756.0,54276.0,58700
Jefferson Community and Technical College,38171.0,6000,19055.0,56456.0,53900
Summit Salon Academy-Lexington,24148.0,PS,11403.0,39362.0,PS
American National University-Pikeville,28188.0,2600,13416.0,42480.0,43700
Kentucky Mountain Bible College,21256.0,PS,10649.0,40370.0,PS
Kentucky State University,36382.0,4100,18939.0,51649.0,55200
Kentucky Wesleyan College,46747.0,12000,32704.0,66119.0,72900
University of Kentucky,59025.0,12600,38233.0,86281.0,86400
Kentucky Christian University,42375.0,6300,28315.0,63027.0,57300
Lindsey Wilson College,41129.0,7600,24160.0,55997.0,53900
University of Louisville,53899.0,10200,36512.0,79132.0,76600
Madisonville Community College,35733.0,5000,18925.0,56327.0,58100
Maysville Community and Technical College,32194.0,5000,15627.0,50246.0,50700
Midway University,44246.0,10300,29241.0,65285.0,66400
Morehead State University,43197.0,6700,27519.0,63693.0,62900
Murray State University,44737.0,9100,30046.0,66231.0,71900
Gateway Community and Technical College,36147.0,3200,16749.0,55386.0,51500
Northern Kentucky University,50220.0,8800,34271.0,71430.0,67600
West Kentucky Community and Technical College,34891.0,4700,18094.0,52276.0,62300
University of Pikeville,48231.0,8300,32010.0,70429.0,65800
Big Sandy Community and Technical College,32954.0,2800,16634.0,52074.0,55000
Empire Beauty School-Chenoweth,23921.0,3000,10818.0,39242.0,41500
Empire Beauty School-Elizabethtown,24022.0,3400,10614.0,40849.0,50500
Empire Beauty School-Dixie,24397.0,5300,11012.0,39125.0,46100
Empire Beauty School-Florence,23925.0,2800,10394.0,40316.0,34700
Somerset Community College,30787.0,5800,15419.0,46950.0,52900
Southeast Kentucky Community & Technical College,29482.0,4000,13774.0,46993.0,53900
Spalding University,49438.0,12300,32269.0,75339.0,75800
Sullivan University,38008.0,6400,19868.0,57015.0,64200
Thomas More University,59384.0,12500,40106.0,82627.0,97100
Transylvania University,54705.0,11300,35279.0,82391.0,79200
Union Commonwealth University,42002.0,6000,27509.0,59113.0,55200
Western Kentucky University,43889.0,8300,27981.0,62583.0,66800
Ayers Career College,29935.0,7200,17569.0,43531.0,50900
Baton Rouge General Medical Center School of Nursing & School of Radiologic Technology,75071.0,PS,61826.0,96031.0,PS
Bossier Parish Community College,34502.0,6300,18400.0,53430.0,64300
Centenary College of Louisiana,50330.0,9600,32109.0,69045.0,87000
Cloyd's Beauty School 1 Inc,18603.0,PS,8692.0,30435.0,PS
Crescent City Bartending School,22407.0,3300,11250.0,39581.0,49900
Delgado Community College,33305.0,6600,16005.0,53009.0,63300
Denham Springs Beauty School,18298.0,PS,10097.0,37700.0,PS
Dillard University,39196.0,8300,19843.0,60794.0,69300
Nunez Community College,35343.0,4500,17328.0,56708.0,57300
Grambling State University,41109.0,6300,21673.0,59505.0,62200
Belbo Beauty Institute,16792.0,PS,7416.0,35494.0,PS
ITI Technical College,68342.0,6600,34977.0,118798.0,106600
John Jay Beauty College,17985.0,PS,9384.0,31930.0,PS
Louisiana State University Health Sciences Center-New Orleans,78495.0,25400,57168.0,107549.0,117200
Louisiana State University-Alexandria,42205.0,6500,25873.0,59050.0,64400
Louisiana State University and Agricultural & Mechanical College,61251.0,14400,39003.0,90619.0,96600
Louisiana State University-Eunice,36498.0,8200,21465.0,54399.0,71000
Louisiana State University-Shreveport,47477.0,9400,30632.0,67472.0,74100
Aveda Arts & Sciences Institute-Baton Rouge,25903.0,PS,11243.0,36901.0,PS
Aveda Arts & Sciences Institute-Lafayette,23904.0,PS,9147.0,39256.0,PS
Louisiana Academy of Beauty,16539.0,PS,8413.0,29195.0,PS
Louisiana Christian University,51700.0,14000,32404.0,71453.0,77600
Louisiana Tech University,52279.0,11700,32547.0,79643.0,87400
Loyola University New Orleans,52927.0,12500,29186.0,75942.0,85100
McNeese State University,46453.0,9700,26345.0,71043.0,83300
University of New Orleans,47872.0,9500,27393.0,72915.0,77600
Nicholls State University,45454.0,9200,27918.0,65192.0,74500
University of Louisiana at Monroe,46769.0,9000,29939.0,68912.0,90500
Northwestern State University of Louisiana,47021.0,8100,29131.0,67829.0,72900
University of Holy Cross,49316.0,12400,32571.0,72373.0,69800
Franciscan Missionaries of Our Lady University,59419.0,11900,39310.0,86054.0,79100
Pat Goins Beauty Schools formerly Paul Mitchell the School-Shreveport,20239.0,PS,15019.0,35377.0,PS
Celebrity Stylist Beauty School,22002.0,PS,12409.0,42799.0,PS
Pineville Beauty School,19411.0,PS,10039.0,34873.0,PS
Aveda Arts & Sciences Institute-Covington,30334.0,3700,13600.0,49268.0,51600
LaSalle Tech,20975.0,PS,12078.0,34140.0,PS
Fletcher Technical Community College,32189.0,PS,16948.0,49559.0,PS
Remington College-Lafayette Campus,31349.0,5600,16051.0,44946.0,56900
SOWELA Technical Community College,32303.0,4400,15501.0,54766.0,77400
Stevensons Academy of Hair Design,23853.0,4900,14265.0,40444.0,35600
Southeastern Louisiana University,46482.0,8400,29383.0,68123.0,70200
Southern University and A & M College,43371.0,9400,24178.0,63976.0,66900
Southern University at New Orleans,34042.0,6000,16298.0,51450.0,56200
Southern University at Shreveport,33099.0,5900,17483.0,51818.0,52900
University of Louisiana at Lafayette,47089.0,10600,29444.0,69312.0,80000
Tulane University of Louisiana,63268.0,13700,35855.0,94584.0,126000
Xavier University of Louisiana,52184.0,13300,32235.0,91378.0,127300
College of the Atlantic,40264.0,PS,27366.0,65816.0,PS
Bates College,69498.0,17500,50952.0,104523.0,114000
Beal University,35639.0,6800,18492.0,52500.0,48500
Bowdoin College,82735.0,15300,50534.0,126498.0,135100
Central Maine Community College,42448.0,8100,26707.0,60852.0,60900
Colby College,80490.0,15400,58383.0,134924.0,111700
Eastern Maine Community College,41704.0,7400,25840.0,65503.0,66100
Kennebec Valley Community College,36035.0,6100,21549.0,54062.0,66400
University of Maine at Augusta,40342.0,5900,24632.0,59426.0,53500
University of Maine at Farmington,44433.0,10400,27409.0,59145.0,55900
University of Maine,48653.0,13500,33048.0,75674.0,78400
Maine Maritime Academy,89964.0,22900,57712.0,124580.0,151100
University of Maine at Presque Isle,40956.0,5500,27152.0,65875.0,52400
University of New England,55921.0,14200,40794.0,83771.0,79300
Northern Maine Community College,43348.0,5700,24065.0,54954.0,60000
Empire Beauty School-Maine,23925.0,2800,10394.0,40316.0,34700
Maine College of Art & Design,40778.0,4300,24199.0,55585.0,45100
Saint Joseph's College of Maine,59045.0,14800,37291.0,96691.0,67000
Spa Tech Institute-Westbrook,27803.0,5300,13940.0,46812.0,50900
Southern Maine Community College,41661.0,8200,21198.0,59974.0,66600
University of Southern Maine,49958.0,11100,29640.0,79076.0,70100
Thomas College,44991.0,12300,30577.0,53883.0,67200
Unity Environmental University,37852.0,11100,24175.0,53204.0,61200
Washington County Community College,34407.0,7100,20455.0,47980.0,55500
Allegany College of Maryland,38476.0,7700,22152.0,58595.0,62900
Anne Arundel Community College,46219.0,8600,24064.0,71274.0,79200
Award Beauty School,18172.0,PS,7428.0,34353.0,PS
Baltimore Studio of Hair Design,20080.0,3800,9635.0,34822.0,35100
Baltimore City Community College,36025.0,6600,17349.0,53239.0,58400
University of Baltimore,61335.0,14600,40267.0,90667.0,104700
Bowie State University,54537.0,11800,32913.0,78678.0,92900
Capitol Technology University,85035.0,12600,41086.0,120194.0,103800
Cecil College,43952.0,6200,24774.0,66812.0,67900
College of Southern Maryland,44435.0,8000,23525.0,70743.0,80300
Chesapeake College,36301.0,4700,19100.0,56196.0,59300
Washington Adventist University,64249.0,11100,41754.0,94418.0,98700
Coppin State University,46490.0,9700,25684.0,70148.0,69100
Del-Mar-Va Beauty Academy,25426.0,PS,13470.0,39618.0,PS
North American Trade Schools,39756.0,4800,18695.0,62589.0,68400
Frederick Community College,46449.0,5800,26189.0,70468.0,73900
Frostburg State University,55493.0,14000,37071.0,77104.0,79700
Garrett College,35823.0,5600,18551.0,55658.0,64000
Goucher College,53023.0,14100,31717.0,75128.0,86200
Hagerstown Community College,41615.0,5100,23217.0,60641.0,68200
Harford Community College,44608.0,6000,24777.0,68409.0,69400
Hood College,57089.0,11600,33533.0,79463.0,80500
Howard Community College,49020.0,7000,25196.0,77530.0,80100
Aveda Institute-Maryland,21250.0,PS,11527.0,33209.0,PS
Johns Hopkins University,87555.0,23400,64509.0,135223.0,148600
Lincoln College of Technology-Columbia,38683.0,9900,19113.0,59147.0,72200
Loyola University Maryland,82652.0,24400,57714.0,113065.0,123600
University of Maryland Global Campus,65287.0,11900,38516.0,97764.0,102200
University of Maryland Baltimore,88174.0,35900,58693.0,118170.0,158600
University of Maryland-Baltimore County,69960.0,17700,45352.0,100927.0,98700
University of Maryland-College Park,82860.0,19100,56860.0,115984.0,111500
Maryland Institute College of Art,45212.0,6600,21148.0,68654.0,69800
University of Maryland Eastern Shore,47697.0,8000,28118.0,69685.0,74400
Fortis Institute-Towson,36368.0,6400,19282.0,51976.0,48600
Montgomery Beauty School,18726.0,4300,9246.0,40165.0,41200
Montgomery College,50159.0,8700,26375.0,77215.0,82300
Morgan State University,50698.0,10100,27900.0,75737.0,77600
Mount St. Mary's University,64072.0,15300,45644.0,92305.0,95600
Hair Academy,20953.0,2300,9290.0,41846.0,47500
Notre Dame of Maryland University,65344.0,12800,45601.0,97657.0,90100
Prince George's Community College,47548.0,8700,25064.0,74457.0,82300
Maryland Beauty Academy of Essex,20445.0,PS,10080.0,35277.0,PS
Salisbury University,61515.0,16000,40522.0,86247.0,83300
St. Mary's College of Maryland,60110.0,13700,43526.0,83103.0,92300
St. John's College,51584.0,4800,27968.0,69532.0,84500
Towson University,64390.0,15100,43971.0,88498.0,88700
Stevenson University,62079.0,17500,39840.0,86344.0,91100
Washington College,65518.0,13500,47119.0,93980.0,92000
McDaniel College,60663.0,16200,40571.0,81977.0,84700
Wor-Wic Community College,36748.0,6500,21348.0,55114.0,60400
American International College,53124.0,10000,29972.0,78679.0,84700
Amherst College,77644.0,18200,60184.0,153382.0,172500
Anna Maria College,46651.0,13000,27952.0,86559.0,76900
Assumption University,74895.0,20000,48203.0,105117.0,89400
Babson College,123938.0,36700,80814.0,175333.0,186700
Bay Path University,55383.0,10100,37023.0,80430.0,78600
Bentley University,120959.0,30100,90680.0,160802.0,130700
Berklee College of Music,33647.0,6000,12235.0,61842.0,70900
Berkshire Community College,38832.0,5600,13684.0,62484.0,65200
Boston Architectural College,62123.0,10300,31511.0,81714.0,79300
Boston College,103937.0,24200,68220.0,161815.0,160300
Boston University,83238.0,19500,56723.0,122012.0,119600
Brandeis University,77231.0,17900,51787.0,116723.0,121300
Bridgewater State University,57466.0,11800,32347.0,78949.0,71100
Bristol Community College,38663.0,5300,21287.0,59563.0,60400
Signature Healthcare Brockton Hospital School of Nursing,88084.0,20200,54246.0,99743.0,93500
Bunker Hill Community College,47618.0,5200,23320.0,74837.0,67600
Cambridge College,45998.0,7700,28280.0,62727.0,69100
Cape Cod Community College,43670.0,4400,23811.0,63744.0,67900
Laboure College of Healthcare,62200.0,18200,49620.0,94492.0,98000
Clark University,62381.0,13600,44684.0,89149.0,83300
Curry College,54400.0,10400,32659.0,88666.0,87500
Dean College,38109.0,7400,19982.0,59888.0,66100
National Aviation Academy of New England,59009.0,12400,34565.0,93086.0,84300
Eastern Nazarene College,54727.0,11900,38504.0,77942.0,84800
Emerson College,62832.0,10600,33763.0,89059.0,88600
Emmanuel College,68245.0,12400,45943.0,93132.0,79100
Endicott College,58336.0,15300,38702.0,86105.0,76900
Fisher College,49669.0,4900,25469.0,72974.0,60100
Fitchburg State University,53874.0,11800,36940.0,76793.0,79300
Framingham State University,52349.0,14700,33919.0,81787.0,78000
Gordon College,52119.0,9200,36773.0,72581.0,77500
Greenfield Community College,37132.0,4300,18690.0,55452.0,66800
Hampshire College,46938.0,7600,23026.0,68981.0,70600
Harvard University,101817.0,24700,65309.0,200054.0,250000
Hellenic College-Holy Cross Greek Orthodox School of Theology,51724.0,PS,27287.0,88520.0,PS
College of the Holy Cross,90543.0,31000,65874.0,134575.0,136800
Holyoke Community College,37277.0,5400,20595.0,55479.0,60700
Lasell University,49705.0,12200,32233.0,69850.0,71400
Lawrence Memorial Hospital School of Nursing,101466.0,24700,87013.0,133992.0,96200
Lesley University,51173.0,8200,32463.0,74412.0,67300
Longy School of Music of Bard College,46543.0,5600,22114.0,74224.0,77000
University of Massachusetts-Lowell,64874.0,15700,40834.0,100222.0,91300
University of Massachusetts-Amherst,71631.0,14700,43210.0,103346.0,92600
University of Massachusetts-Boston,65865.0,10700,38650.0,101088.0,88300
Massachusetts Bay Community College,52654.0,8100,28486.0,83507.0,80500
MCPHS University,125557.0,36200,84640.0,152747.0,155500
Massachusetts College of Art and Design,43582.0,7000,23238.0,72340.0,71500
Massachusetts Institute of Technology,143372.0,30400,88222.0,243025.0,242300
Massachusetts Maritime Academy,82392.0,26300,55062.0,123345.0,136200
Massasoit Community College,46111.0,5600,29090.0,70341.0,68100
Merrimack College,75584.0,18800,52191.0,106878.0,94000
MGH Institute of Health Professions,87130.0,PS,62399.0,100798.0,PS
Middlesex Community College,50651.0,6500,29121.0,73366.0,69100
Mount Holyoke College,58418.0,11900,36010.0,77587.0,81600
Mount Wachusett Community College,41118.0,5800,22360.0,60797.0,65200
The New England Conservatory of Music,34483.0,5500,12465.0,64792.0,68400
Nichols College,58063.0,18100,36543.0,75311.0,81900
Massachusetts College of Liberal Arts,48102.0,9700,32972.0,67133.0,66000
North Shore Community College,45391.0,6400,23689.0,69477.0,62200
Northeastern University,92538.0,18800,61560.0,135313.0,112700
Northern Essex Community College,42862.0,5000,22038.0,61430.0,62800
College of Our Lady of the Elms,51540.0,14700,31411.0,72563.0,73400
Quincy College,52506.0,8500,30304.0,76927.0,80000
Quinsigamond Community College,45949.0,6900,24330.0,69322.0,68600
Regis College,52873.0,10700,27339.0,82569.0,80300
Roxbury Community College,38773.0,5700,16745.0,63228.0,65700
Salem State University,56662.0,10600,29605.0,93086.0,74700
Simmons University,63494.0,14900,46140.0,91123.0,92500
Bard College at Simon's Rock,46543.0,5600,22114.0,74224.0,77000
Smith College,64027.0,10700,37521.0,94865.0,86200
Springfield College,48036.0,13200,29321.0,69087.0,83100
Springfield Technical Community College,36966.0,6300,16733.0,59183.0,68000
University of Massachusetts-Dartmouth,68804.0,13300,41246.0,91962.0,84600
Stonehill College,77745.0,26300,57153.0,98944.0,104800
Suffolk University,67506.0,14800,38432.0,99147.0,96400
Tufts University,83214.0,21600,47081.0,132294.0,170300
Wellesley College,84803.0,18600,55457.0,141028.0,121300
Wentworth Institute of Technology,82721.0,17100,58416.0,112775.0,95900
Western New England University,73157.0,24400,48898.0,104001.0,98800
Westfield State University,57346.0,15100,38609.0,76747.0,73700
Wheaton College (Massachusetts),67725.0,16800,42510.0,93181.0,85000
Williams College,88665.0,16800,62574.0,145323.0,167700
Worcester Polytechnic Institute,103470.0,28200,77738.0,129699.0,117100
Worcester State University,60624.0,13800,38887.0,89010.0,77800
Adrian College,55504.0,10700,39042.0,77195.0,72300
Albion College,58799.0,11900,40306.0,85694.0,89400
Hillsdale Beauty College,17793.0,PS,9237.0,32123.0,PS
Northwestern Technological Institute,41237.0,3400,17841.0,64224.0,62700
Alma College,54742.0,16000,36251.0,77064.0,89700
Alpena Community College,36442.0,6900,18123.0,57939.0,62600
Andrews University,53187.0,6300,27398.0,81593.0,78000
Aquinas College,49584.0,9200,32142.0,70335.0,69900
Baker College,35833.0,5000,17637.0,54694.0,60500
Bay de Noc Community College,35090.0,5700,17425.0,53602.0,58700
Bayshire Academy of Beauty Craft Inc,24471.0,PS,13974.0,34709.0,PS
Calvin University,58375.0,10400,38181.0,82853.0,79400
Carnegie Institute,38244.0,7500,18620.0,55349.0,65400
Central Michigan University,55874.0,12700,38496.0,78697.0,75500
Mott Community College,32538.0,4400,15045.0,52285.0,64300
Empire Beauty School-Michigan,22377.0,2200,9788.0,38570.0,38600
Cleary University,54186.0,14200,32488.0,84853.0,101200
Concordia University Ann Arbor,56075.0,11500,37673.0,78409.0,78200
College for Creative Studies,44860.0,7500,22591.0,75526.0,84800
Davenport University,45099.0,6200,24736.0,67837.0,65400
David Pressley School of Cosmetology,22973.0,PS,10602.0,39496.0,PS
Delta College,37781.0,5600,20533.0,58045.0,60200
Detroit Business Institute-Downriver,26702.0,4700,10664.0,42697.0,36600
Universal Technical Institute-Canton,62575.0,11900,41838.0,88774.0,75600
University of Detroit Mercy,71030.0,9600,44340.0,97869.0,81000
Dorsey College,29392.0,4500,13351.0,42074.0,45100
Eastern Michigan University,51793.0,9400,30031.0,75153.0,70700
Ferris State University,54735.0,11000,34587.0,80060.0,79600
Glen Oaks Community College,37540.0,5000,19802.0,56719.0,57100
Kettering University,94823.0,31400,66125.0,115611.0,106100
Gogebic Community College,40950.0,6200,22211.0,61817.0,55400
Grace Christian University,41663.0,PS,24613.0,57913.0,PS
Cornerstone University,47314.0,5800,28589.0,66987.0,74200
Grand Rapids Community College,38377.0,5600,19532.0,56633.0,60000
Grand Valley State University,56118.0,11100,38569.0,78636.0,73200
Great Lakes Christian College,31053.0,PS,18403.0,49692.0,PS
Henry Ford College,34795.0,5900,15471.0,56860.0,68100
Hope College,58427.0,15200,41745.0,82041.0,79700
Jackson College,36898.0,5500,18666.0,55412.0,61200
Kalamazoo College,65590.0,10600,44517.0,91093.0,90900
Kalamazoo Valley Community College,38618.0,5900,18872.0,58903.0,63500
Kellogg Community College,38329.0,5600,19971.0,56170.0,63400
Kirtland Community College,35831.0,4800,18693.0,53972.0,56100
Michigan College of Beauty-Monroe,22766.0,PS,11432.0,36637.0,PS
Lake Michigan College,34466.0,4800,17184.0,51380.0,53700
Lake Superior State University,49045.0,8400,31520.0,68652.0,71200
Lansing Community College,39206.0,6400,19040.0,60426.0,63200
Lawrence Technological University,69151.0,13700,43512.0,98820.0,95200
M J Murphy Beauty College of Mount Pleasant,20720.0,PS,9118.0,32813.0,PS
Macomb Community College,41596.0,5300,21143.0,63899.0,65000
Madonna University,59058.0,9200,38222.0,81197.0,72200
Rochester University,48707.0,8000,29057.0,69551.0,73600
University of Michigan-Ann Arbor,83648.0,17200,56535.0,124806.0,128000
The Michigan Barber School,25106.0,2700,9862.0,48272.0,47100
Michigan State University,67253.0,17200,46010.0,96911.0,98200
Michigan Technological University,78198.0,18100,48944.0,102434.0,101300
University of Michigan-Dearborn,59649.0,12500,37993.0,91490.0,93600
University of Michigan-Flint,53230.0,10200,32439.0,79613.0,76700
Mid Michigan College,37319.0,5300,21167.0,57525.0,58400
Monroe County Community College,41646.0,4800,22144.0,65997.0,62000
Montcalm Community College,35499.0,4500,18970.0,52313.0,62900
Muskegon Community College,36549.0,4900,18602.0,54797.0,58700
North Central Michigan College,36594.0,6500,18987.0,53225.0,55400
Northern Michigan University,47107.0,9700,29421.0,67562.0,69300
Northwestern Michigan College,38167.0,7000,22451.0,56520.0,63000
Northwood University,63075.0,11700,40489.0,92317.0,91200
Oakland Community College,37395.0,6600,16677.0,59461.0,65800
Oakland University,58612.0,11900,36515.0,84827.0,81000
The University of Olivet,47907.0,6800,30603.0,64105.0,65800
Kuyper College,41066.0,PS,23608.0,56153.0,PS
Ross Medical Education Center-Lansing,30072.0,4400,15686.0,40983.0,40000
Ross Medical Education Center-Warren,30481.0,4700,15370.0,42929.0,39900
Ross Medical Education Center-Flint,30060.0,3000,16686.0,39692.0,38000
Sacred Heart Major Seminary,49295.0,PS,36291.0,67395.0,PS
Saginaw Valley State University,51955.0,9300,33539.0,73802.0,71500
Schoolcraft Community College District,42722.0,6200,22218.0,64896.0,68800
Siena Heights University,57529.0,9400,37017.0,79860.0,71500
St Clair County Community College,40177.0,6200,20720.0,62796.0,65200
Southwestern Michigan College,37303.0,5900,21248.0,54818.0,51900
Spring Arbor University,51732.0,10200,32240.0,74957.0,78200
Michigan Career and Technical Institute,29376.0,1200,15172.0,41016.0,35100
Thomas M Cooley Law School,63450.0,PS,25830.0,86073.0,PS
Twin City Beauty College,23043.0,2100,9814.0,34651.0,33600
Walsh College,72081.0,15800,46942.0,100874.0,93300
Washtenaw Community College,39449.0,3600,18980.0,62107.0,64900
Wayne County Community College District,29079.0,5300,11953.0,48505.0,57400
Wayne State University,53493.0,10100,29797.0,79117.0,93500
West Shore Community College,36115.0,4800,19511.0,55927.0,59100
Western Michigan University,53562.0,13200,34853.0,76786.0,80600
Academy College,48300.0,12000,26663.0,66423.0,69700
Alexandria Technical & Community College,49393.0,11200,31304.0,68132.0,64800
Anoka Technical College,47746.0,8400,30158.0,66987.0,65900
Anoka-Ramsey Community College,48342.0,9600,29989.0,69840.0,70400
Augsburg University,58829.0,13300,38984.0,84780.0,86200
Riverland Community College,45247.0,9400,26245.0,62141.0,62000
Bemidji State University,53755.0,10900,37138.0,74504.0,67000
Bethany Lutheran College,46110.0,8200,30114.0,65204.0,63500
Bethel University,63764.0,11700,41260.0,92932.0,88000
Central Lakes College-Brainerd,42162.0,7800,23264.0,61365.0,65800
Carleton College,75525.0,11800,52327.0,111608.0,105200
Concordia College at Moorhead,59317.0,14200,43119.0,81521.0,82400
Concordia University-Saint Paul,59871.0,13500,39108.0,85664.0,97400
Dakota County Technical College,51938.0,8400,32416.0,73399.0,67600
Martin Luther College,47491.0,3100,29333.0,70940.0,69800
Lake Superior College,46449.0,7200,27765.0,67579.0,65400
Minnesota State Community and Technical College,45591.0,8300,27741.0,65116.0,65200
Minnesota West Community and Technical College,45285.0,9900,27692.0,65929.0,61000
Gustavus Adolphus College,65607.0,22600,48888.0,92889.0,96800
Hamline University,61106.0,14700,43058.0,81211.0,85200
Hennepin Technical College,49460.0,6300,28827.0,70868.0,66600
Minnesota North College,45570.0,7400,27113.0,67803.0,75300
Aveda Arts & Sciences Institute Minneapolis,34659.0,7800,17859.0,55376.0,56700
Inver Hills Community College,49898.0,10000,31452.0,72180.0,73300
Macalester College,63878.0,12500,41814.0,87495.0,84700
South Central College,45068.0,9000,29090.0,63729.0,62000
Minnesota State University-Mankato,56922.0,15200,40047.0,77949.0,76700
Mayo Clinic College of Medicine and Science,79652.0,PS,66112.0,91612.0,PS
Metropolitan State University,64705.0,11500,44236.0,89487.0,81100
University of Minnesota-Twin Cities,69020.0,16100,47150.0,97410.0,91600
University of Minnesota-Crookston,58056.0,12000,41030.0,82100.0,76000
Minneapolis College of Art and Design,40873.0,8600,23889.0,59320.0,75900
Minneapolis Community and Technical College,40086.0,6200,17339.0,62236.0,71200
Herzing University-Minneapolis,36909.0,12300,19077.0,56514.0,77200
Nova Academy of Cosmetology Woodbury,31961.0,PS,13478.0,47264.0,PS
University of Minnesota-Duluth,62616.0,15300,44422.0,85826.0,84700
University of Minnesota-Morris,50919.0,11700,36020.0,69060.0,76600
Model College of Hair Design,25410.0,4800,14997.0,39498.0,38100
Minnesota State University Moorhead,50527.0,12400,35574.0,69031.0,68500
North Hennepin Community College,51142.0,8500,30239.0,72333.0,71200
Normandale Community College,50207.0,8500,27932.0,71546.0,72300
North Central University,45064.0,6500,29000.0,63039.0,60100
Northland Community and Technical College,44425.0,9600,26704.0,62327.0,68200
University of Northwestern-St Paul,50755.0,5400,31895.0,73634.0,72500
Northwestern Health Sciences University,48666.0,8200,23406.0,72035.0,88100
Oak Hills Christian College,35983.0,PS,21390.0,52705.0,PS
Pine Technical & Community College,41232.0,7000,25193.0,62906.0,49300
Rochester Community and Technical College,45287.0,9300,28645.0,62861.0,66900
College of Saint Benedict,63260.0,19600,47705.0,85878.0,83200
St Cloud Technical and Community College,46874.0,10100,29416.0,67267.0,65700
Saint Cloud State University,55813.0,14000,39268.0,76074.0,75600
Saint Johns University,76786.0,26100,51860.0,106406.0,107400
Saint Mary's University of Minnesota,58170.0,14200,41091.0,83618.0,79800
St Olaf College,65543.0,14000,46256.0,88706.0,92100
Crown College,48057.0,6800,28949.0,68776.0,63100
The College of Saint Scholastica,65934.0,13500,45164.0,88527.0,84500
University of St Thomas,73739.0,19100,51278.0,104019.0,99200
Empire Beauty School-Bloomington,23589.0,2800,10335.0,39321.0,41400
St Catherine University,59282.0,12300,40528.0,84277.0,82900
Rasmussen University-Minnesota,39080.0,8300,21835.0,57587.0,58200
Saint Paul College,38399.0,6100,17005.0,58805.0,64700
Southwest Minnesota State University,51342.0,12600,35692.0,69380.0,62800
Summit Academy Opportunities Industrialization Center,22606.0,PS,9209.0,43289.0,PS
Dunwoody College of Technology,61511.0,13900,37744.0,85760.0,78600
Ridgewater College,43827.0,8800,26512.0,63192.0,59400
Minnesota State College Southeast,43613.0,8800,26454.0,63715.0,60600
Winona State University,58532.0,17000,43033.0,77702.0,74700
Century College,46424.0,9100,27253.0,66302.0,66900
Alcorn State University,36421.0,8000,19114.0,56491.0,65000
Belhaven University,46440.0,9700,30699.0,66973.0,72900
Blue Mountain Christian University,40421.0,10200,28608.0,51437.0,49800
Chris Beauty College,18468.0,1600,7439.0,31274.0,33200
Coahoma Community College,24289.0,5600,12590.0,39288.0,43000
Copiah-Lincoln Community College,31241.0,5500,17521.0,49086.0,59700
Delta State University,41991.0,8400,24798.0,59444.0,66300
East Central Community College,32421.0,6800,17712.0,48709.0,58500
East Mississippi Community College,33772.0,6800,18565.0,51247.0,57600
Academy of Hair Design-Grenada,22284.0,2100,12923.0,35079.0,32400
Hinds Community College,30774.0,6300,16453.0,47856.0,54900
Holmes Community College,32922.0,7600,17578.0,49249.0,60800
Itawamba Community College,32912.0,7800,18475.0,47240.0,56000
Jackson State University,39060.0,9200,23528.0,56884.0,63100
Jones County Junior College,33377.0,6000,18228.0,51177.0,61500
Meridian Community College,31002.0,7000,16778.0,49370.0,58400
Millsaps College,53848.0,13800,36701.0,83784.0,89800
Mississippi Delta Community College,28421.0,6000,15170.0,45091.0,51800
University of Mississippi,50994.0,13200,33733.0,78452.0,96700
Mississippi University for Women,46128.0,9800,30451.0,71918.0,73400
Mississippi Valley State University,31919.0,5300,20156.0,47197.0,46600
Mississippi College,47485.0,11700,30526.0,70680.0,77200
Hatfield's Mississippi College of Beauty Culture,13849.0,PS,6825.0,30610.0,PS
Mississippi Gulf Coast Community College,33017.0,6200,16481.0,52584.0,63100
Mississippi State University,51513.0,14400,33648.0,77474.0,82500
Northeast Mississippi Community College,34081.0,8100,19311.0,49169.0,58000
Northwest Mississippi Community College,36396.0,5300,19430.0,54473.0,55600
Pearl River Community College,33019.0,6100,16868.0,53245.0,64000
Rust College,32275.0,6200,18916.0,47214.0,45200
Southeastern Baptist College,26946.0,PS,11920.0,43098.0,PS
Southwest Mississippi Community College,33227.0,6700,17386.0,50991.0,59700
University of Southern Mississippi,44140.0,10400,28070.0,66054.0,74400
Tougaloo College,34724.0,8000,20123.0,51844.0,61500
William Carey University,43087.0,8200,26279.0,65483.0,72500
Avila University,52773.0,13200,36172.0,75165.0,75600
Mission University,38641.0,4400,25006.0,52102.0,62600
House of Heavilin Beauty College-Blue Springs,24840.0,PS,11416.0,38139.0,PS
Cox College,56867.0,16700,32349.0,78575.0,69900
Calvary University,45421.0,PS,29708.0,66219.0,PS
Cape Girardeau Career and Technology Center,44369.0,2200,26985.0,64231.0,59200
Central Christian College of the Bible,34675.0,PS,21423.0,48802.0,PS
Central Methodist University-College of Liberal Arts and Sciences,48991.0,11200,34222.0,74400.0,58200
University of Central Missouri,49560.0,11500,34032.0,71073.0,72300
Grand River Technical School,40665.0,PS,28419.0,56446.0,PS
Cleveland University-Kansas City,52304.0,8700,26568.0,74953.0,84500
Columbia College,45378.0,9900,26967.0,67837.0,79300
Conception Seminary College,50430.0,PS,36254.0,63401.0,PS
Cottey College,35422.0,7500,20139.0,54483.0,52800
Crowder College,35987.0,6300,20580.0,54363.0,56200
Culver-Stockton College,46092.0,13800,32798.0,61858.0,68300
Drury University,40694.0,7400,22819.0,61963.0,66800
East Central College,36916.0,7100,21761.0,54391.0,58000
Pinnacle Career Institute,34213.0,6200,17268.0,51965.0,65100
Evangel University,46573.0,6100,30919.0,66982.0,65700
Fontbonne University,48825.0,12400,33436.0,68930.0,81800
Four Rivers Career Center,48199.0,PS,29747.0,69823.0,PS
Ozarks Technical Community College,36455.0,6500,21413.0,53901.0,56700
Hannibal-LaGrange University,42643.0,12800,31422.0,63797.0,64400
Harris-Stowe State University,31088.0,6100,15173.0,46993.0,53900
House of Heavilin Beauty College-Kansas City,17269.0,PS,9848.0,28459.0,PS
Summit Salon Academy Kansas City,24811.0,PS,15380.0,43661.0,PS
Jefferson College,40782.0,6100,24822.0,61339.0,57700
Paul Mitchell the School-Missouri Columbia,27715.0,PS,19676.0,42579.0,PS
Barnes-Jewish College Goldfarb School of Nursing,84393.0,18800,56864.0,107437.0,84600
Kansas City Art Institute,37032.0,3400,21301.0,53512.0,48400
Lex La-Ray Technical Center,52142.0,PS,40886.0,65929.0,PS
Lincoln University,39463.0,6900,24649.0,56230.0,57700
Lindenwood University,53278.0,12200,35718.0,77533.0,76800
State Technical College of Missouri,55901.0,12100,39818.0,80302.0,70200
Logan University,55838.0,6700,24680.0,89221.0,89200
Metropolitan Community College-Kansas City,40796.0,6100,22969.0,59926.0,60300
Maryville University of Saint Louis,62105.0,15500,42105.0,83389.0,83900
Missouri College of Cosmetology and Esthetics,26738.0,PS,14711.0,35691.0,PS
Midwest Institute,30414.0,4300,15407.0,42835.0,41200
Midwestern Baptist Theological Seminary,50535.0,PS,33088.0,65816.0,PS
Mineral Area College,35352.0,5300,21297.0,52043.0,53300
Missouri Baptist University,46660.0,10100,33739.0,66153.0,60000
Missouri Southern State University,42620.0,9100,27146.0,61890.0,63500
Missouri Valley College,43221.0,8500,26201.0,62900.0,65100
Missouri Western State University,42647.0,8800,26153.0,62659.0,65500
University of Missouri-Columbia,63403.0,16200,42277.0,90496.0,94700
University of Missouri-Kansas City,59637.0,11200,38427.0,87015.0,109500
Missouri University of Science and Technology,82957.0,20800,53687.0,106938.0,100500
University of Missouri-St Louis,53037.0,10800,34118.0,78222.0,79700
Moberly Area Community College,37537.0,5100,21379.0,54662.0,56600
Truman State University,56280.0,16100,39468.0,76912.0,78600
Northwest Missouri State University,47885.0,15200,34086.0,66291.0,75800
Ozark Christian College,41297.0,5200,27607.0,56404.0,58300
College of the Ozarks,41592.0,10000,29292.0,58758.0,60400
Park University,56309.0,12300,36174.0,82603.0,86800
Stevens-The Institute of Business & Arts,29058.0,3200,15507.0,47130.0,48000
Poplar Bluff Technical Career Center,37750.0,PS,19172.0,48123.0,PS
Ranken Technical College,55955.0,12500,32881.0,79958.0,83200
Research College of Nursing,85910.0,PS,65343.0,109600.0,PS
Rockhurst University,67102.0,15800,43076.0,88628.0,92100
Saint Louis University,70783.0,19900,46594.0,97115.0,103400
Salem College of Hairstyling,18275.0,PS,10161.0,30151.0,PS
University of Health Sciences and Pharmacy in St. Louis,137047.0,31800,98569.0,155836.0,147900
Saint Louis Community College,35325.0,6100,17678.0,52855.0,59100
Southwest Baptist University,43112.0,8800,28512.0,67324.0,66500
Missouri State University-West Plains,36922.0,6400,23024.0,52568.0,54300
St Louis College of Health Careers-St Louis,32217.0,2700,16717.0,46351.0,46500
State Fair Community College,35562.0,7500,20546.0,52964.0,58100
Stephens College,43071.0,4200,26214.0,64594.0,63700
Southeast Missouri State University,44030.0,12500,29197.0,63909.0,70700
Missouri State University-Springfield,49827.0,12600,33755.0,71692.0,73500
Three Rivers College,32442.0,6400,17809.0,50404.0,56800
North Central Missouri College,40837.0,6600,26653.0,60069.0,57700
Washington University in St Louis,86182.0,20200,60733.0,137446.0,154300
Webster University,50876.0,9500,32114.0,75788.0,81100
Westminster College,52199.0,20900,35548.0,77814.0,81200
William Jewell College,59268.0,12600,43279.0,84654.0,74200
William Woods University,42401.0,10600,29832.0,62939.0,65500
Blackfeet Community College,22953.0,1500,7866.0,37636.0,40600
Highlands College of Montana Tech,54329.0,10300,31114.0,82037.0,103700
Carroll College,61772.0,11800,41237.0,82374.0,81400
Dawson Community College,41951.0,7500,26276.0,59648.0,68100
Chief Dull Knife College,20073.0,PS,5388.0,42721.0,PS
Montana State University Billings,44296.0,6800,25006.0,65133.0,68200
Flathead Valley Community College,38520.0,3500,21039.0,57548.0,58700
Aaniiih Nakoda College,30528.0,PS,10775.0,48923.0,PS
Fort Peck Community College,14747.0,2300,5624.0,35808.0,46500
Great Falls College Montana State University,38034.0,4200,21548.0,57765.0,55600
University of Providence,48296.0,5100,30699.0,69928.0,53700
Helena College University of Montana,40738.0,8000,22556.0,61217.0,64700
Little Big Horn College,21152.0,PS,5938.0,39298.0,PS
Miles Community College,42862.0,5400,23773.0,63732.0,71300
Montana Technological University,54329.0,10300,31114.0,82037.0,103700
Montana State University,53263.0,9700,31991.0,78911.0,84200
The University of Montana,44511.0,9000,25532.0,67661.0,74900
Montana State University-Northern,49505.0,8200,28299.0,78174.0,71200
Rocky Mountain College,49036.0,9200,32236.0,73711.0,97200
Salish Kootenai College,32725.0,3400,13433.0,50875.0,57300
The University of Montana-Western,43229.0,8400,27972.0,61326.0,63800
Bellevue University,61289.0,18200,39416.0,93809.0,100600
Clarkson College,64876.0,21300,46975.0,87488.0,71800
Bryan College of Health Sciences,70845.0,19500,51898.0,90460.0,82900
Central Community College,39429.0,7300,24228.0,56430.0,54400
Chadron State College,47002.0,9700,30481.0,65068.0,75000
College of Hair Design-Downtown,28376.0,5500,13715.0,41876.0,42100
Concordia University-Nebraska,52415.0,8700,34805.0,70805.0,68500
Creighton University,73911.0,22800,51701.0,108608.0,123300
Doane University,53316.0,14600,37728.0,72174.0,77400
Hastings College,51303.0,12500,36199.0,69057.0,77200
CHI Health School of Radiologic Technology,48110.0,PS,40046.0,62697.0,PS
Joseph's College Cosmetology,23032.0,2800,9809.0,35586.0,31900
University of Nebraska at Kearney,50105.0,12100,35587.0,67898.0,72400
Nebraska Methodist College of Nursing & Allied Health,65071.0,11300,42399.0,86864.0,80300
Metropolitan Community College Area,38773.0,5700,20723.0,57577.0,58000
Mid-Plains Community College,40059.0,6300,24240.0,57740.0,56900
Midland University,52163.0,12600,35105.0,71923.0,72600
University of Nebraska at Omaha,53909.0,13700,37105.0,77577.0,79700
Nebraska Indian Community College,31458.0,PS,10494.0,43374.0,PS
University of Nebraska Medical Center,76833.0,29300,56130.0,103669.0,159300
Nebraska Wesleyan University,56405.0,18300,41245.0,80584.0,81700
University of Nebraska-Lincoln,56887.0,16100,40131.0,80043.0,84500
Northeast Community College,42634.0,9200,26330.0,60827.0,62100
Peru State College,47071.0,11700,32708.0,61491.0,66200
College of Saint Mary,54338.0,11200,36095.0,77863.0,69700
Southeast Community College Area,43405.0,9400,26118.0,61110.0,64900
Union Adventist University,55045.0,7600,35545.0,76202.0,88500
Nebraska College of Technical Agriculture,56887.0,16100,40131.0,80043.0,84500
Wayne State College,47075.0,12400,33248.0,63570.0,66600
Western Nebraska Community College,38729.0,4800,21627.0,59382.0,57900
York University,44130.0,8500,26604.0,57149.0,60100
Academy of Hair Design-Las Vegas,24391.0,2900,8940.0,41498.0,56200
College of Southern Nevada,38087.0,6000,18739.0,59935.0,68700
Las Vegas College,31398.0,3800,16085.0,46018.0,52500
University of Nevada-Las Vegas,55037.0,10600,31740.0,80999.0,85800
University of Nevada-Reno,60614.0,12700,38752.0,87156.0,91100
Great Basin College,39289.0,7000,19462.0,71959.0,80700
Truckee Meadows Community College,44573.0,6800,23910.0,66412.0,73200
Western Nevada College,41987.0,3200,22058.0,62586.0,61600
Colby-Sawyer College,46474.0,12900,36418.0,65186.0,72600
Dartmouth College,97434.0,16900,64562.0,189467.0,210500
Franklin Pierce University,53353.0,10900,30187.0,81765.0,70300
University of New Hampshire-Franklin Pierce School of Law,66479.0,16900,43635.0,98059.0,89300
New England College,42092.0,9700,22889.0,60577.0,63700
Southern New Hampshire University,50318.0,10000,29434.0,75732.0,82800
University of New Hampshire-Main Campus,66479.0,16900,43635.0,98059.0,89300
Keene State College,54368.0,13100,36042.0,78820.0,71700
University of New Hampshire at Manchester,66479.0,16900,43635.0,98059.0,89300
Plymouth State University,57304.0,12700,38335.0,82952.0,68700
NHTI-Concord's Community College,48943.0,8900,29414.0,69257.0,72500
White Mountains Community College,35037.0,6700,19064.0,53053.0,63100
River Valley Community College,44700.0,PS,24761.0,75167.0,PS
Lakes Region Community College,51182.0,PS,24669.0,68520.0,PS
Manchester Community College,49063.0,8200,27685.0,73089.0,70600
Nashua Community College,46164.0,7300,19366.0,66755.0,65900
Great Bay Community College,42397.0,PS,24592.0,70375.0,PS
Rivier University,52248.0,13500,35475.0,70095.0,75900
Saint Anselm College,73371.0,20200,48994.0,103001.0,92200
University of New Hampshire College of Professional Studies Online,66479.0,16900,43635.0,98059.0,89300
Eastwick College-Hackensack,39762.0,5600,18657.0,60846.0,56900
Atlantic Cape Community College,34241.0,5600,17052.0,54724.0,65000
Fortis Institute-Wayne,36920.0,6900,19034.0,51136.0,52400
Bergen Community College,46624.0,6900,24615.0,72304.0,76200
Berkeley College-Woodland Park,40251.0,8200,20207.0,59554.0,72800
Beth Medrash Govoha,47544.0,3500,19105.0,90795.0,94200
Bloomfield College of Montclair State University,45902.0,7800,23807.0,68283.0,71900
Brookdale Community College,44379.0,4900,22624.0,69122.0,74500
Rowan College at Burlington County,44745.0,6000,25146.0,66925.0,71300
Caldwell University,53843.0,10600,34453.0,74668.0,83800
Camden County College,41212.0,5500,21821.0,62807.0,70700
Centenary University,53726.0,9400,32641.0,76677.0,86400
Adult and Continuing Education-BCTS,49739.0,PS,27867.0,75618.0,PS
Lincoln Technical Institute-Iselin,31914.0,6600,14470.0,49461.0,74800
American Institute-Clifton,28710.0,3700,13201.0,46812.0,51700
County College of Morris,50243.0,8800,28555.0,74926.0,80900
Rowan College of South Jersey-Cumberland Campus,41751.0,5400,22437.0,63313.0,76000
Drew University,63646.0,13100,39892.0,88416.0,89200
Lincoln Technical Institute-South Plainfield,46396.0,6300,25586.0,66729.0,57900
Essex County College,37230.0,6900,18112.0,58258.0,69600
Empire Beauty School-Union,23925.0,2800,10394.0,40316.0,34700
Fairleigh Dickinson University-Metropolitan Campus,57273.0,11600,33741.0,85029.0,91100
Felician University,57602.0,9900,34174.0,98153.0,81400
Fairleigh Dickinson University-Florham Campus,57273.0,11600,33741.0,85029.0,91100
Hohokus School of Trade and Technical Sciences,43917.0,PS,21507.0,68213.0,PS
Georgian Court University,53096.0,10100,34657.0,68615.0,70300
Rowan University,59988.0,14100,40999.0,82759.0,83700
Rowan College of South Jersey-Gloucester Campus,41751.0,5400,22437.0,63313.0,76000
Empire Beauty School-Cherry Hill,24397.0,5300,11012.0,39125.0,46100
Eastwick College-Ramsey,51725.0,5500,29635.0,80326.0,64400
Holy Name Medical Center-Sister Claire Tynan School of Nursing,87408.0,PS,52505.0,111283.0,PS
Hudson County Community College,34333.0,5800,15126.0,55589.0,67600
New Jersey City University,52745.0,10600,30517.0,76983.0,77700
Kean University,57237.0,11100,36530.0,78461.0,80300
Lincoln Technical Institute-Union,46396.0,6300,25586.0,66729.0,57900
Rizzieri Aveda School for Beauty and Wellness,29601.0,PS,12725.0,47199.0,PS
Mercer County Community College,43264.0,6600,23440.0,64959.0,70400
Middlesex College,46861.0,7700,24120.0,71712.0,76400
Monmouth University,67991.0,13900,48950.0,95681.0,88900
Montclair State University,61415.0,12600,38809.0,84277.0,88200
JFK Muhlenberg Harold B. and Dorothy A. Snyder Schools,73894.0,26700,46300.0,103285.0,114800
Eastwick College-Nutley,42827.0,7900,23231.0,62120.0,68000
Robert Fiance Beauty Schools-West New York,18123.0,4800,9903.0,36452.0,38600
New Jersey Institute of Technology,84276.0,20000,55991.0,113061.0,110600
Ocean County College,45210.0,5700,23779.0,68956.0,69300
P B Cosmetology Education Center,26800.0,4200,11510.0,45525.0,42400
Parisian Beauty School,27767.0,4700,13068.0,44220.0,44400
Passaic County Community College,36972.0,6100,17181.0,56914.0,56400
Pennco Tech-Blackwood,42013.0,4500,21407.0,62981.0,74400
Princeton University,110066.0,20800,68313.0,197494.0,217200
Rabbinical College of America,34990.0,PS,16679.0,67530.0,PS
Ramapo College of New Jersey,67541.0,12900,45520.0,94225.0,87400
Robert Fiance Beauty Schools,27359.0,2600,11873.0,40938.0,38800
Rider University,62208.0,14400,42182.0,84492.0,87600
Rutgers University-Camden,74479.0,15400,49127.0,107416.0,108100
Rutgers University-New Brunswick,74479.0,15400,49127.0,107416.0,108100
Rutgers University-Newark,74479.0,15400,49127.0,107416.0,108100
Saint Peter's University,57815.0,9800,33169.0,83514.0,82200
Salem Community College,38020.0,4100,20593.0,63867.0,64100
Seton Hall University,70196.0,15900,46782.0,99356.0,104300
Shore Beauty School,21377.0,PS,11191.0,33771.0,PS
Saint Elizabeth University,53038.0,11700,30946.0,76520.0,76900
Raritan Valley Community College,48145.0,8200,28451.0,73834.0,76200
Stevens Institute of Technology,108772.0,32100,82965.0,137041.0,135300
Stockton University,57602.0,12400,37079.0,80776.0,82200
Aviation Institute of Maintenance-Teterboro,73971.0,6900,46718.0,102486.0,97700
Thomas Edison State University,69331.0,7000,43217.0,102881.0,115000
The College of New Jersey,73323.0,22100,54306.0,106110.0,96700
UCNJ Union College of Union County New Jersey,41595.0,7200,20181.0,63773.0,71000
William Paterson University of New Jersey,57780.0,11200,36177.0,80501.0,79400
Olympian Academy of Cosmetology,23991.0,PS,10968.0,40616.0,PS
Central New Mexico Community College,36869.0,5700,17982.0,56964.0,65900
Navajo Technical University,26364.0,2600,12747.0,41731.0,39200
New Mexico State University-Dona Ana,39067.0,7900,21257.0,61878.0,73400
Clovis Community College,34020.0,5400,19442.0,52953.0,61200
Eastern New Mexico University-Main Campus,38550.0,6800,21084.0,59977.0,64300
Eastern New Mexico University-Roswell Campus,38550.0,6800,21084.0,59977.0,64300
Institute of American Indian and Alaska Native Culture and Arts Development,24505.0,PS,11766.0,47047.0,PS
New Mexico Highlands University,45937.0,8500,26406.0,62983.0,62100
New Mexico Junior College,34233.0,5800,16530.0,55337.0,72500
New Mexico Military Institute,57410.0,10000,31980.0,80706.0,71200
University of New Mexico-Gallup Campus,44792.0,7300,23933.0,68866.0,81000
New Mexico Institute of Mining and Technology,76489.0,11100,40447.0,109428.0,107700
University of New Mexico-Los Alamos Campus,44792.0,7300,23933.0,68866.0,81000
University of New Mexico-Main Campus,44792.0,7300,23933.0,68866.0,81000
New Mexico State University-Alamogordo,39067.0,7900,21257.0,61878.0,73400
New Mexico State University-Grants,39067.0,7900,21257.0,61878.0,73400
New Mexico State University-Main Campus,39067.0,7900,21257.0,61878.0,73400
University of New Mexico-Valencia County Campus,44792.0,7300,23933.0,68866.0,81000
Northern New Mexico College,38112.0,2200,18660.0,60150.0,61200
San Juan College,36513.0,5700,18462.0,57251.0,77000
Santa Fe Community College,38005.0,5500,17014.0,56713.0,59900
University of the Southwest,45389.0,10400,25950.0,68358.0,86400
Southwestern Indian Polytechnic Institute,27660.0,2200,12282.0,41758.0,42600
University of New Mexico-Taos Campus,44792.0,7300,23933.0,68866.0,81000
Mesalands Community College,32272.0,2700,16074.0,47244.0,43300
Western New Mexico University,39095.0,7200,19266.0,60604.0,71200
Vaughn College of Aeronautics and Technology,64973.0,10100,37053.0,100054.0,99300
Adelphi University,75482.0,12500,49267.0,106760.0,94400
SUNY Adirondack,41267.0,7300,22529.0,61929.0,64300
Bryant & Stratton College-Albany,32568.0,2600,15518.0,48170.0,46900
Albany College of Pharmacy and Health Sciences,131426.0,33000,88704.0,157063.0,151900
Alfred University,54897.0,13400,35231.0,79560.0,84700
Allen School-Brooklyn,34186.0,6600,16008.0,50921.0,46900
American Academy of Dramatic Arts-New York,27019.0,3700,11663.0,47036.0,58900
American Academy McAllister Institute of Funeral Service,54695.0,PS,26159.0,77123.0,PS
American Musical and Dramatic Academy,26975.0,4000,11230.0,48289.0,62000
Apex Technical School,41093.0,6100,18223.0,65419.0,77300
Arnot Ogden Medical Center,70775.0,PS,50350.0,89500.0,PS
Associated Beth Rivkah Schools,17686.0,PS,9206.0,36287.0,PS
Bard College,46543.0,5600,22114.0,74224.0,77000
Barnard College,80516.0,17400,54604.0,122978.0,127400
Berk Trade and Business School,49748.0,3800,29641.0,79948.0,83600
Berkeley College-New York,45884.0,8700,21225.0,68154.0,77900
Mount Sinai Phillips School of Nursing,96980.0,PS,56737.0,135144.0,PS
Brittany Beauty Academy,17992.0,6000,8361.0,39557.0,43300
Boricua College,35348.0,6200,17796.0,56202.0,57100
Brittany Beauty Academy,18753.0,PS,7785.0,36116.0,PS
SUNY Broome Community College,39710.0,6700,23859.0,57073.0,63300
Bryant & Stratton College-Syracuse North,32568.0,2600,15518.0,48170.0,46900
Bryant & Stratton College-Buffalo,32568.0,2600,15518.0,48170.0,46900
Bryant & Stratton College-Greece,32568.0,2600,15518.0,48170.0,46900
Canisius University,60681.0,18700,44638.0,82280.0,80800
Capri Cosmetology Learning Centers,30190.0,PS,9580.0,49158.0,PS
St Paul's School of Nursing-Queens,104403.0,PS,65703.0,127180.0,PS
Cayuga County Community College,38709.0,6400,20529.0,60073.0,63400
Central Yeshiva Tomchei Tmimim Lubavitz,35023.0,5000,16177.0,67210.0,63700
Circle in the Square Theatre School,39899.0,PS,28381.0,75133.0,PS
Clarkson University,89696.0,24800,62112.0,112758.0,108800
Clinton Community College,39246.0,5400,24109.0,56462.0,65000
Cochran School of Nursing,99503.0,PS,62053.0,125096.0,PS
Colgate University,85139.0,19400,56075.0,139443.0,144300
Metropolitan College of New York,46236.0,6700,21570.0,69731.0,75800
Columbia University in the City of New York,102491.0,16600,62687.0,162279.0,205500
Columbia-Greene Community College,44441.0,6300,24740.0,62589.0,67000
Empire Beauty School-Queens,24397.0,5300,11012.0,39125.0,46100
Continental School of Beauty Culture-Rochester,23906.0,3100,11278.0,38072.0,39100
Cornell University,104043.0,23100,67090.0,166446.0,178800
Weill Medical College of Cornell University,104043.0,23100,67090.0,166446.0,178800
SUNY Corning Community College,38817.0,6600,19847.0,59726.0,62600
Pomeroy College of Nursing at Crouse Hospital,83972.0,PS,54961.0,103063.0,PS
Culinary Institute of America,47475.0,12000,27262.0,71624.0,76200
CUNY Bernard M Baruch College,75971.0,12300,42243.0,112029.0,105400
CUNY Borough of Manhattan Community College,42306.0,7700,19289.0,64717.0,73100
CUNY Bronx Community College,41307.0,6600,18821.0,62930.0,68800
CUNY Brooklyn College,60752.0,9400,31888.0,87936.0,87900
College of Staten Island CUNY,53501.0,8500,28588.0,84344.0,87700
CUNY City College,66039.0,10300,37225.0,91371.0,92600
CUNY Graduate School and University Center,65991.0,PS,41234.0,108769.0,PS
CUNY Hostos Community College,40485.0,7600,18641.0,60405.0,65700
CUNY Hunter College,63163.0,10200,34332.0,92425.0,87300
CUNY John Jay College of Criminal Justice,56195.0,10600,35780.0,80288.0,95600
CUNY Kingsborough Community College,42621.0,7200,20166.0,67676.0,81400
CUNY LaGuardia Community College,41653.0,7600,19367.0,66179.0,70600
CUNY Lehman College,58013.0,10300,36728.0,82802.0,82800
CUNY Medgar Evers College,46498.0,8300,23662.0,68052.0,73600
CUNY New York City College of Technology,49365.0,9100,24508.0,76756.0,76700
CUNY Queens College,62763.0,10500,33563.0,89659.0,91700
CUNY Queensborough Community College,44214.0,7500,20990.0,69408.0,80400
CUNY York College,56945.0,8700,33179.0,82369.0,71800
D'Youville  University,66942.0,11900,42220.0,98468.0,95600
Daemen University,61808.0,13600,39844.0,87929.0,87700
Dominican University New York,61171.0,12800,40451.0,89065.0,94400
Dutchess Community College,43929.0,6100,24920.0,67007.0,73800
Belanger School of Nursing,79677.0,PS,65856.0,88009.0,PS
Elmira College,57550.0,13600,36860.0,77968.0,79000
Erie Community College,41228.0,6000,22181.0,60772.0,67000
Fashion Institute of Technology,62696.0,7800,30971.0,90913.0,91400
Finger Lakes Community College,40054.0,6500,22600.0,57845.0,58100
Five Towns College,35887.0,6900,14675.0,54860.0,68800
Fordham University,85569.0,14700,55876.0,126936.0,112100
Fulton-Montgomery Community College,39535.0,5100,21855.0,58866.0,59900
Gemological Institute of America-New York,42588.0,13700,18379.0,93306.0,82700
Genesee Community College,39674.0,8200,21407.0,56946.0,59800
Hamilton College,78411.0,17400,53229.0,127191.0,136500
Hartwick College,61107.0,12000,41224.0,87242.0,93100
Helene Fuld College of Nursing,111027.0,36300,82431.0,132653.0,119200
Herkimer County Community College,39199.0,7400,21526.0,58102.0,61800
Hilbert College,48309.0,11600,31795.0,66554.0,75800
Hobart William Smith Colleges,68831.0,17500,46622.0,96812.0,94300
Hofstra University,69039.0,13200,42369.0,95464.0,102900
Houghton University,46721.0,8700,26371.0,61796.0,72800
Hudson Valley Community College,45460.0,8300,25134.0,69179.0,72700
Hunter Business School,36312.0,4300,17071.0,51662.0,55000
Iona University,73595.0,13700,48404.0,98708.0,95900
Isabella Graham Hart School of Practical Nursing,48143.0,PS,32010.0,64412.0,PS
Island Drafting and Technical Institute,62379.0,7700,30982.0,90254.0,74200
Ithaca College,63548.0,15400,40720.0,91792.0,94800
Jamestown Community College,38242.0,6500,22766.0,57385.0,61300
Jamestown Business College,34976.0,5000,19619.0,49131.0,45800
Jefferson Community College,39991.0,6300,21866.0,59273.0,65600
Jewish Theological Seminary of America,92751.0,PS,77837.0,169512.0,PS
The Juilliard School,37827.0,5100,18837.0,57977.0,95300
Kehilath Yakov Rabbinical Seminary,36442.0,PS,16470.0,58181.0,PS
Keuka College,58289.0,13200,41969.0,83049.0,73200
LIM College,58956.0,8900,32332.0,86375.0,83000
Le Moyne College,62731.0,16200,42961.0,83494.0,87800
Long Island University,59950.0,10600,29994.0,95352.0,102800
Long Island Beauty School-Hempstead,17378.0,3800,8586.0,38368.0,44400
Long Island Business Institute,23438.0,4300,9899.0,43116.0,60300
Mandl School-The College of Allied Health,39108.0,6400,19647.0,54755.0,54900
Manhattan University,86316.0,16400,61516.0,118926.0,112400
Manhattan School of Music,26878.0,PS,11725.0,52252.0,PS
Manhattanville University,58832.0,14900,32425.0,84538.0,86000
Maria College of Albany,55458.0,9700,35668.0,77413.0,72100
Marion S Whelan School of Nursing of Geneva General Hospital,70771.0,PS,41435.0,88267.0,PS
Marist University,77819.0,13800,50231.0,106692.0,98400
Marymount Manhattan College,49131.0,6900,22072.0,75436.0,80900
St. Peter's Hospital College of Nursing,62588.0,PS,41335.0,91319.0,PS
Mercy University,52055.0,9300,29099.0,76821.0,78100
Mildred Elley School-Albany Campus,38830.0,3200,16014.0,62525.0,46400
Mirrer Yeshiva Cent Institute,41192.0,PS,15273.0,58941.0,PS
Modern Welding School,48703.0,5300,33018.0,72482.0,68800
Mohawk Valley Community College,39850.0,6500,22867.0,58484.0,62100
Molloy University,77789.0,16200,48859.0,114622.0,101000
Monroe University,41236.0,5100,19057.0,63007.0,62400
Monroe Community College,40174.0,7700,22254.0,59746.0,62600
Mount Saint Mary College,67705.0,14400,45807.0,91272.0,84800
University of Mount Saint Vincent,65756.0,12700,40480.0,98396.0,97900
Nassau Community College,48248.0,8300,23580.0,74044.0,82700
Nazareth University,56458.0,15100,38928.0,73630.0,68400
The New School,52901.0,6100,21048.0,88619.0,92600
New York School for Medical and Dental Assistants,38899.0,7400,20195.0,52257.0,53300
New York University,82509.0,12900,45965.0,133284.0,145300
Niagara County Community College,42285.0,6800,23650.0,59735.0,62800
Niagara University,56196.0,15600,40069.0,77102.0,76100
Empire Beauty School-Peekskill,27916.0,PS,10552.0,51163.0,PS
North Country Community College,38276.0,6400,22873.0,57755.0,62700
New York Institute of Technology,70080.0,10400,41399.0,100245.0,101200
New York School of Interior Design,48041.0,PS,22696.0,77068.0,PS
Onondaga Community College,41190.0,7400,22911.0,60566.0,64700
Orange County Community College,44117.0,6600,25903.0,69308.0,73200
Otsego Area BOCES-Practical Nursing Program,45248.0,PS,22214.0,70883.0,PS
Pace University,70378.0,13200,37204.0,101512.0,112600
Paul Smiths College of Arts and Science,46145.0,9000,31978.0,60593.0,64200
Continental School of Beauty Culture-West Seneca,22193.0,3100,10721.0,38260.0,37700
Plaza College,31519.0,5200,15314.0,50183.0,51900
Davis College,38450.0,6600,16929.0,55366.0,60400
Pratt Institute-Main,54295.0,6900,26250.0,90075.0,82300
Rabbinical College Bobover Yeshiva Bnei Zion,20707.0,5000,15785.0,51152.0,64200
Rensselaer Polytechnic Institute,102051.0,37000,71488.0,137023.0,132000
Roberts Wesleyan University,55031.0,12200,35301.0,81897.0,75600
Rochester Institute of Technology,76571.0,17400,45486.0,109829.0,106500
University of Rochester,79042.0,15800,50106.0,116695.0,142000
Rockland Community College,50243.0,6500,26556.0,73704.0,83600
Empire Beauty School-Manhattan,24022.0,3400,10614.0,40849.0,50500
Russell Sage College,58316.0,8900,38666.0,76636.0,71900
St Bonaventure University,57214.0,17500,40687.0,78447.0,86300
St. Francis College,58099.0,10000,31954.0,86047.0,94200
St. Joseph's College of Nursing,81908.0,25200,58473.0,104467.0,83300
St Lawrence University,67258.0,15000,44778.0,102313.0,87800
The College of Saint Rose,56040.0,13700,39051.0,72823.0,67300
St. Thomas Aquinas College,62909.0,12400,42115.0,87445.0,85500
Samaritan Hospital School of Nursing,64383.0,PS,40927.0,87449.0,PS
Sarah Lawrence College,53603.0,9200,29421.0,82420.0,77300
Schenectady County Community College,40902.0,6200,22747.0,59829.0,59600
Siena College,76079.0,20100,53709.0,104835.0,103000
Skidmore College,69363.0,11400,37679.0,104219.0,89700
St. Joseph's University-New York,63905.0,12000,40707.0,86336.0,92100
Saint Elizabeth College of Nursing,72122.0,22200,50518.0,90024.0,82800
St. John Fisher University,66944.0,16900,49303.0,96035.0,85300
St Paul's School of Nursing-Staten Island,86693.0,PS,45742.0,114351.0,PS
St. John's University-New York,69571.0,13200,40573.0,103666.0,111800
Sullivan County Community College,38354.0,5400,21029.0,56548.0,61600
SUNY College of Technology at Alfred,50445.0,9400,31484.0,73550.0,69300
SUNY College of Technology at Canton,47860.0,6700,28303.0,68084.0,68400
SUNY College of Technology at Delhi,51629.0,8200,30776.0,76072.0,70600
SUNY College of Agriculture and Technology at Cobleskill,45030.0,7900,28239.0,65691.0,65400
Farmingdale State College,69781.0,10300,43364.0,99020.0,94300
SUNY Morrisville,43295.0,7700,24842.0,64755.0,62700
University at Albany,67979.0,15600,44635.0,96119.0,99000
Binghamton University,80596.0,17400,53396.0,113934.0,111300
University at Buffalo,70814.0,15700,45990.0,100175.0,100800
Stony Brook University,74502.0,14200,48580.0,107097.0,103300
SUNY College of Environmental Science and Forestry,55763.0,15200,40378.0,78328.0,79800
SUNY Polytechnic Institute,64355.0,16700,43278.0,92187.0,87800
SUNY Brockport,54496.0,13800,37719.0,74398.0,73000
SUNY Buffalo State University,52334.0,10900,32907.0,71022.0,69700
State University of New York at Cortland,60236.0,15400,43982.0,82293.0,77500
SUNY at Fredonia,54247.0,14300,38017.0,71998.0,68000
SUNY College at Geneseo,67316.0,17500,48703.0,94584.0,84600
State University of New York at New Paltz,58073.0,11700,37617.0,82174.0,79700
SUNY Oneonta,60386.0,13500,43193.0,82950.0,75700
State University of New York at Oswego,57566.0,13000,38620.0,78974.0,71800
SUNY College at Potsdam,47866.0,10100,30701.0,66681.0,68100
SUNY at Purchase College,45092.0,7000,18464.0,68776.0,75900
SUNY Old Westbury,58526.0,8000,39192.0,85776.0,87000
State University of New York at Plattsburgh,56403.0,13800,35998.0,76683.0,72600
SUNY Downstate Health Sciences University,109601.0,49600,75417.0,143654.0,250000
Empire State University,54080.0,8400,30511.0,80195.0,85800
SUNY Maritime College,95951.0,25100,63300.0,136040.0,124700
Upstate Medical University,92257.0,43400,68972.0,132568.0,250000
Swedish Institute a College of Health Sciences,29699.0,5700,10554.0,53338.0,75100
Syracuse University,79164.0,17500,52205.0,112094.0,107900
Talmudical Seminary Oholei Torah,39230.0,4900,17974.0,75530.0,66200
Tompkins Cortland Community College,40707.0,5800,21710.0,58991.0,62300
Touro University,53419.0,5900,24108.0,86163.0,84900
Trocaire College,55318.0,6400,33778.0,77932.0,70300
Ulster County Community College,41896.0,5600,24848.0,62913.0,67300
Union College,88604.0,22100,57953.0,123772.0,119000
United Talmudical Seminary,25113.0,7700,16502.0,49740.0,43500
United States Merchant Marine Academy,90610.0,39500,69688.0,123809.0,166100
Utica University,63277.0,15900,40485.0,90057.0,79500
Vassar College,71366.0,9800,47264.0,105378.0,99300
Villa Maria College,38857.0,4200,17948.0,52822.0,51000
School of Visual Arts,46459.0,6800,20288.0,80384.0,96800
Wagner College,74360.0,14900,47410.0,108167.0,100200
Wells College,51094.0,7100,23578.0,74173.0,62200
The College of Westchester,42215.0,8500,19703.0,61611.0,79800
SUNY Westchester Community College,46822.0,7300,24772.0,72362.0,86300
Westchester School of Beauty Culture,32170.0,PS,16692.0,44391.0,PS
Word of Life Bible Institute,36173.0,4400,22586.0,52323.0,56300
Yeshiva of Nitra Rabbinical College,41785.0,PS,15452.0,81293.0,PS
Yeshiva University,71353.0,8700,41386.0,111701.0,117200
College of the Albemarle,33234.0,4500,17302.0,48725.0,50100
South Piedmont Community College,37308.0,4300,20068.0,53753.0,46000
Appalachian State University,51836.0,12400,36495.0,74305.0,69900
Asheville-Buncombe Technical Community College,36048.0,5600,17505.0,54112.0,56600
Barton College,47913.0,11000,35224.0,63831.0,64400
Beaufort County Community College,32519.0,6500,16959.0,50058.0,54100
Belmont Abbey College,47937.0,16800,31040.0,70419.0,70200
Bennett College,36654.0,6900,19747.0,54181.0,56000
Bladen Community College,30591.0,4900,15394.0,46801.0,46200
Blue Ridge Community College,36324.0,4300,19103.0,53491.0,53300
Brevard College,43545.0,6800,29332.0,60200.0,55300
Brunswick Community College,36668.0,4300,19412.0,53973.0,48700
Cabarrus College of Health Sciences,58708.0,PS,36139.0,77574.0,PS
Caldwell Community College and Technical Institute,34515.0,4600,18928.0,51021.0,54400
Campbell University,54886.0,12400,37957.0,80333.0,114900
Cape Fear Community College,38654.0,4700,19768.0,58224.0,61900
Carteret Community College,33357.0,3300,16208.0,50992.0,52100
Catawba College,48793.0,10800,33908.0,66494.0,70700
Catawba Valley Community College,36977.0,5100,21101.0,53434.0,52700
Central Carolina Community College,33525.0,4400,17814.0,48995.0,50000
Central Piedmont Community College,37865.0,5200,19054.0,56787.0,58200
Chowan University,38412.0,8700,21699.0,55097.0,64000
Cleveland Community College,33755.0,4600,18172.0,49874.0,50600
Coastal Carolina Community College,36444.0,5500,19043.0,54243.0,60400
Craven Community College,34231.0,5300,18107.0,52521.0,63400
Davidson-Davie Community College,36337.0,4600,20986.0,52294.0,53700
Davidson College,81400.0,10500,60136.0,116852.0,131800
Duke University,97800.0,25900,66351.0,171770.0,216800
Durham Technical Community College,36142.0,4800,18641.0,53466.0,56500
East Carolina University,55146.0,13100,37968.0,78746.0,75400
Edgecombe Community College,33267.0,4700,16944.0,48422.0,51300
Elizabeth City State University,40026.0,7100,23461.0,53814.0,58400
Elon University,74545.0,16300,46849.0,107869.0,87500
Fayetteville Technical Community College,31861.0,4600,16162.0,48844.0,61900
Fayetteville State University,40144.0,8200,25067.0,56069.0,59800
Forsyth Technical Community College,34139.0,5900,18534.0,50990.0,53500
Gardner-Webb University,48039.0,10200,33281.0,70715.0,70200
Gaston College,35386.0,5100,18295.0,51204.0,54100
Greensboro College,46566.0,10100,28298.0,61078.0,63900
Guilford College,47590.0,10400,28375.0,67194.0,79400
Guilford Technical Community College,33934.0,6400,17279.0,50701.0,57100
Halifax Community College,31644.0,3700,17027.0,45833.0,46200
Haywood Community College,34770.0,4000,18523.0,50743.0,51300
High Point University,61389.0,11600,41738.0,88991.0,73800
Isothermal Community College,33325.0,4800,17282.0,48473.0,51500
James Sprunt Community College,29307.0,4300,15375.0,46074.0,52100
Johnson C Smith University,42680.0,7000,23443.0,59416.0,59200
Johnston Community College,37310.0,4900,20703.0,53369.0,53600
Lees-McRae College,43415.0,5900,25563.0,58373.0,63000
Lenoir Community College,33866.0,4100,18287.0,50037.0,49200
Lenoir-Rhyne University,45543.0,15000,32368.0,65480.0,70600
Leons Beauty School Inc,26958.0,PS,13495.0,39138.0,PS
Livingstone College,32600.0,5600,17488.0,46579.0,49500
Louisburg College,34818.0,4400,17142.0,49875.0,54900
Mars Hill University,44781.0,7800,29922.0,60021.0,61800
Martin Community College,26016.0,3400,13138.0,38307.0,43600
Mayland Community College,34663.0,4300,16040.0,51340.0,47000
McDowell Technical Community College,33035.0,5800,16057.0,47000.0,50100
Meredith College,51539.0,12400,34140.0,75132.0,70500
Methodist University,48050.0,12600,32466.0,69193.0,77200
Miller-Motte College-Wilmington,31102.0,2400,15775.0,47146.0,44700
Mitchell Community College,33298.0,5100,16742.0,50931.0,53000
Mitchells Academy,26606.0,PS,12550.0,39026.0,PS
Montgomery Community College,32742.0,6300,19718.0,47673.0,45500
Montreat College,45151.0,8800,26234.0,68021.0,90100
University of Mount Olive,47139.0,12400,32008.0,66777.0,77500
College of Wilmington,19235.0,PS,10191.0,37516.0,PS
Nash Community College,34912.0,5600,19820.0,49927.0,54700
North Carolina A & T State University,44440.0,8600,27229.0,64605.0,76500
University of North Carolina Asheville,44030.0,8600,28212.0,63894.0,72600
University of North Carolina at Chapel Hill,72200.0,17400,48337.0,112339.0,114600
University of North Carolina at Charlotte,57289.0,13000,38026.0,83186.0,84300
University of North Carolina at Greensboro,48160.0,11200,32185.0,67995.0,69100
North Carolina Central University,42968.0,8100,26776.0,60270.0,61200
University of North Carolina School of the Arts,38357.0,7700,17831.0,64599.0,81600
North Carolina State University at Raleigh,68758.0,16400,45891.0,99809.0,95000
North Carolina Wesleyan University,45873.0,9200,30213.0,63341.0,71900
University of North Carolina Wilmington,54967.0,11700,37279.0,81800.0,78700
Pamlico Community College,30005.0,3200,13699.0,43863.0,55100
William Peace University,46643.0,8100,31783.0,66735.0,65700
University of North Carolina at Pembroke,43407.0,8800,28007.0,59070.0,61500
Pfeiffer University,51562.0,10000,32647.0,76229.0,73400
Piedmont Community College,33274.0,6000,16011.0,46283.0,47800
Pitt Community College,37259.0,5800,20857.0,56515.0,56700
Queens University of Charlotte,57673.0,9100,35952.0,85122.0,81800
Randolph Community College,33336.0,5700,18813.0,47556.0,52100
Richmond Community College,29951.0,5200,15569.0,46814.0,51400
Mid-Atlantic Christian University,38342.0,PS,17727.0,56747.0,PS
Roanoke-Chowan Community College,29324.0,5600,16009.0,44145.0,50600
Robeson Community College,29036.0,5400,15020.0,45807.0,47200
Rockingham Community College,32480.0,6100,17360.0,46513.0,51800
Rowan-Cabarrus Community College,34936.0,4500,18452.0,51811.0,54300
Saint Augustine's University,35730.0,5700,19109.0,51466.0,57500
Salem College,44640.0,6400,28027.0,60645.0,62300
Sampson Community College,33409.0,5500,17985.0,46374.0,47800
Sandhills Community College,31656.0,4700,16726.0,47301.0,53400
Shaw University,34409.0,5200,18004.0,49938.0,54900
Paul Mitchell the School-Fayetteville,26696.0,PS,12652.0,42547.0,PS
St. Andrews University,45606.0,10600,26734.0,70198.0,69700
Southeastern Community College,30284.0,5600,15100.0,47045.0,52000
Southwestern Community College,34145.0,3600,17801.0,51667.0,51500
Stanly Community College,36686.0,5300,19705.0,52468.0,56400
Surry Community College,36012.0,5700,21238.0,51838.0,54600
Alamance Community College,34241.0,5200,18692.0,49425.0,51500
Tri-County Community College,32232.0,4200,15228.0,48314.0,48100
Vance-Granville Community College,34304.0,4900,17061.0,50529.0,51500
Wake Forest University,78158.0,24000,53216.0,126384.0,144400
Wake Technical Community College,41769.0,6600,23081.0,62435.0,63300
Warren Wilson College,36260.0,5300,16552.0,53465.0,49100
Wayne Community College,34148.0,5200,18213.0,49961.0,55300
Western Piedmont Community College,34195.0,5800,17048.0,48630.0,50500
Wilkes Community College,34728.0,4200,18574.0,48863.0,48900
Wilson Community College,32973.0,4900,16817.0,48646.0,48800
Wingate University,52649.0,12500,37780.0,77053.0,75100
Winston Salem Barber School,16389.0,PS,7323.0,43728.0,PS
Winston-Salem State University,45344.0,9200,29750.0,66577.0,69700
Western Carolina University,49458.0,11000,35205.0,67362.0,67300
Rasmussen University-North Dakota,39080.0,8300,21835.0,57587.0,58200
Bismarck State College,54277.0,11200,34717.0,83256.0,88300
Dickinson State University,50720.0,9400,31837.0,70067.0,78900
Josef's School of Hair Skin & Body-Grand Forks,27987.0,PS,17191.0,43133.0,PS
University of Jamestown,56621.0,13500,39508.0,77491.0,77200
Lake Region State College,49502.0,10300,32336.0,68657.0,72300
Cankdeska Cikana Community College,17008.0,3300,3787.0,39841.0,43900
University of Mary,60909.0,15500,41795.0,83018.0,86600
Mayville State University,47828.0,9500,32033.0,65499.0,64300
Minot State University,51759.0,10100,34033.0,71413.0,70100
University of North Dakota,63552.0,18800,43722.0,88520.0,96400
North Dakota State College of Science,50513.0,12100,32764.0,70325.0,85600
Dakota College at Bottineau,40576.0,8700,21986.0,63399.0,59200
North Dakota State University-Main Campus,62203.0,18100,43700.0,85613.0,93700
Williston State College,44017.0,5000,21144.0,68242.0,88900
Sitting Bull College,28488.0,800,8722.0,46745.0,36800
Trinity Bible College and Graduate School,35604.0,3200,21765.0,53422.0,57300
Turtle Mountain Community College,32079.0,2600,14148.0,48454.0,46200
United Tribes Technical College,25292.0,1600,9672.0,42984.0,49000
Valley City State University,52725.0,12500,37044.0,69067.0,65800
ETI Technical College of Niles,34017.0,4800,19555.0,55785.0,48600
Herzing University-Akron,36909.0,12300,19077.0,56514.0,77200
University of Akron Main Campus,46600.0,8600,28267.0,68841.0,70800
University of Akron Wayne College,46600.0,8600,28267.0,68841.0,70800
Allegheny Wesleyan College,37453.0,PS,15254.0,51288.0,PS
Apollo Career Center,43101.0,PS,27267.0,56141.0,PS
Art Academy of Cincinnati,34368.0,PS,15599.0,51408.0,PS
Ashland County-West Holmes Career Center,31791.0,PS,16321.0,51533.0,PS
Ashland University,52928.0,12500,38053.0,72499.0,66800
Ashtabula County Technical and Career Campus,42163.0,PS,22290.0,56990.0,PS
Auburn Career Center,37032.0,PS,21657.0,55888.0,PS
Aultman College of Nursing and Health Sciences,63582.0,PS,42874.0,83205.0,PS
Baldwin Wallace University,54122.0,16800,37859.0,73747.0,79000
Belmont College,35329.0,5400,18238.0,56456.0,64200
Bluffton University,49547.0,13100,37115.0,65380.0,70900
Bowling Green State University-Firelands,47896.0,13000,31725.0,67179.0,73400
Bowling Green State University-Main Campus,47896.0,13000,31725.0,67179.0,73400
Bryant & Stratton College-Parma,32568.0,2600,15518.0,48170.0,46900
Buckeye Hills Career Center,40264.0,PS,23219.0,57611.0,PS
Butler Technology and Career Development Schools,56645.0,7700,37547.0,75508.0,54400
Canton City Schools Adult Career and Technical Education,42134.0,5200,26068.0,56217.0,50200
Capital University,54143.0,13700,38452.0,74851.0,76000
Case Western Reserve University,87989.0,22000,58275.0,121871.0,137800
Cedarville University,55443.0,7400,36255.0,84481.0,82800
Central Ohio Technical College,39168.0,5900,20554.0,59572.0,63300
Central School of Practical Nursing,50672.0,PS,29478.0,70938.0,PS
Central State University,33267.0,5000,15373.0,50519.0,48500
Choffin Career  and Technical Center,34654.0,9300,20720.0,50889.0,53500
The Christ College of Nursing and Health Sciences,68303.0,16000,45516.0,83682.0,70700
Cincinnati College of Mortuary Science,55695.0,PS,37575.0,72965.0,PS
University of Cincinnati-Main Campus,54810.0,10700,33668.0,79998.0,82600
Cincinnati State Technical and Community College,40137.0,6200,21530.0,60507.0,60500
University of Cincinnati-Clermont College,54810.0,10700,33668.0,79998.0,82600
University of Cincinnati-Blue Ash College,54810.0,10700,33668.0,79998.0,82600
Ohio Christian University,39813.0,6400,20610.0,59342.0,71100
Clark State College,39584.0,5200,20697.0,57400.0,58200
Cleveland Institute of Art,42509.0,7100,27642.0,62028.0,85800
Cleveland State University,52131.0,9700,33018.0,74241.0,77800
Columbiana County Career and Technical Center,33552.0,PS,18267.0,50574.0,PS
Columbus College of Art & Design,40664.0,7600,21400.0,64027.0,73700
Columbus State Community College,39435.0,6300,19965.0,58491.0,64300
Cuyahoga Community College District,35654.0,5700,17099.0,53448.0,59800
Davis College,31588.0,4900,14369.0,44805.0,45700
University of Dayton,75537.0,18100,50541.0,102329.0,95600
Defiance College,49351.0,9300,34642.0,67145.0,69100
Denison University,67753.0,17300,44066.0,96126.0,98000
Edison State Community College,41360.0,6100,22936.0,60836.0,60800
EHOVE Career Center,40117.0,6800,24603.0,58504.0,55000
The University of Findlay,56996.0,12900,38423.0,83667.0,84700
Franklin University,51892.0,12500,30415.0,78104.0,90700
Gerbers Akron Beauty School,20907.0,PS,11737.0,42385.0,PS
Gods Bible School and College,37722.0,PS,20124.0,53961.0,PS
Good Samaritan College of Nursing and Health Science,66111.0,11800,41873.0,89694.0,71000
Great Oaks Career Campuses,55163.0,9500,36278.0,71259.0,67900
Hannah E Mullins School of Practical Nursing,47920.0,PS,29050.0,60855.0,PS
Adult and Community Education-Hudson,51551.0,3600,30226.0,67109.0,73600
Heidelberg University,48466.0,15000,35319.0,70735.0,68700
Hiram College,54311.0,11700,36173.0,74254.0,82700
Hobart Institute of Welding Technology,60955.0,11900,41805.0,82894.0,90600
Hocking College,37791.0,6200,20664.0,55570.0,60600
Ross Medical Education Center-Cincinnati,33079.0,4600,17431.0,45637.0,43100
International College of Broadcasting,30855.0,5600,18167.0,46111.0,44500
Eastern Gateway Community College,34127.0,5200,15671.0,53567.0,50400
John Carroll University,62860.0,20100,43612.0,93077.0,96700
Casal Aveda Institute,22453.0,PS,9534.0,39529.0,PS
Kent State University at Ashtabula,45388.0,10300,27117.0,66038.0,69200
Kent State University at East Liverpool,45388.0,10300,27117.0,66038.0,69200
Kent State University at Stark,45388.0,10300,27117.0,66038.0,69200
Kent State University at Trumbull,45388.0,10300,27117.0,66038.0,69200
Kent State University at Tuscarawas,45388.0,10300,27117.0,66038.0,69200
Kent State University at Salem,45388.0,10300,27117.0,66038.0,69200
Kent State University at Kent,45388.0,10300,27117.0,66038.0,69200
Kent State University at Geauga,45388.0,10300,27117.0,66038.0,69200
Kenyon College,71830.0,12800,40485.0,104986.0,91300
Kettering College,67492.0,11700,42545.0,86850.0,109200
Lake Erie College,50417.0,8800,34818.0,69879.0,61100
Lakeland Community College,39612.0,6600,20617.0,59546.0,68000
Collins Career Technical Center,47329.0,5200,32965.0,66183.0,59300
James A. Rhodes State College,41855.0,6900,24639.0,59836.0,59300
Ohio Business College-Sheffield,30389.0,5300,14824.0,43009.0,44800
Ohio Business College-Sandusky,30389.0,5300,14824.0,43009.0,44800
Lorain County Community College,38837.0,5600,19860.0,58085.0,61200
Lourdes University,48150.0,6700,29161.0,73342.0,73800
Malone University,48909.0,11100,32520.0,71871.0,82800
Marietta College,57180.0,13200,38070.0,87422.0,95700
Marion Technical College,41495.0,6100,23062.0,59326.0,55900
Medina County Career Center,41273.0,PS,23083.0,61412.0,PS
Mercy College of Ohio,65409.0,14200,40535.0,84912.0,77400
Miami University-Hamilton,55076.0,13200,34102.0,84230.0,94500
Miami University-Middletown,55076.0,13200,34102.0,84230.0,94500
Miami University-Oxford,55076.0,13200,34102.0,84230.0,94500
Moler Hollywood Beauty Academy,17832.0,2500,8022.0,32439.0,32500
Miami Valley Career Technology Center,43502.0,10300,28437.0,61387.0,64400
Mount Carmel College of Nursing,75103.0,27400,50015.0,95125.0,84300
University of Mount Union,53217.0,12600,35488.0,75993.0,76700
Mount Vernon Nazarene University,49555.0,11300,32952.0,71693.0,78400
Mount St. Joseph University,51509.0,14000,35014.0,72607.0,72400
Zane State College,35006.0,6800,16919.0,53106.0,57300
Muskingum University,48440.0,14800,35354.0,65242.0,66800
National Beauty College,21091.0,PS,10466.0,33855.0,PS
North Central State College,38158.0,6000,19672.0,55523.0,56100
Northwest State Community College,40004.0,8400,23146.0,57229.0,56400
Toledo Public Schools Adult and Continuing Education,51691.0,9300,24783.0,69084.0,60800
Notre Dame College,49737.0,10300,34055.0,67122.0,76300
University of Northwestern Ohio,50968.0,11400,33222.0,69979.0,62200
Oberlin College,58343.0,10000,32470.0,85039.0,77000
Ohio Technical College,48450.0,5700,29124.0,66516.0,61200
Ohio Dominican University,51748.0,10200,34634.0,73468.0,72300
Ohio Northern University,80928.0,20100,51102.0,123378.0,130600
Ohio State University Agricultural Technical Institute,60409.0,13000,39834.0,88954.0,86400
Ohio State University-Lima Campus,60409.0,13000,39834.0,88954.0,86400
Ohio State University-Mansfield Campus,60409.0,13000,39834.0,88954.0,86400
Ohio State University-Marion Campus,60409.0,13000,39834.0,88954.0,86400
Ohio State University-Newark Campus,60409.0,13000,39834.0,88954.0,86400
Ohio State Beauty Academy,25434.0,PS,10501.0,36779.0,PS
The Spa School,26989.0,PS,13163.0,48300.0,PS
Ohio State School of Cosmetology-Canal Winchester,23131.0,PS,10813.0,39445.0,PS
Ohio State University-Main Campus,60409.0,13000,39834.0,88954.0,86400
Ohio University-Eastern Campus,52581.0,11100,32485.0,79745.0,78900
Ohio University-Chillicothe Campus,52581.0,11100,32485.0,79745.0,78900
Ohio University-Southern Campus,52581.0,11100,32485.0,79745.0,78900
Ohio University-Lancaster Campus,52581.0,11100,32485.0,79745.0,78900
Ohio University-Main Campus,52581.0,11100,32485.0,79745.0,78900
Ohio University-Zanesville Campus,52581.0,11100,32485.0,79745.0,78900
East Ohio College,29342.0,2600,16253.0,43318.0,39500
Trinity Health System School of Nursing,71660.0,PS,36373.0,90310.0,PS
Ohio Wesleyan University,55624.0,13800,36230.0,77702.0,85900
Otterbein University,53313.0,13100,36344.0,77271.0,80200
Owens Community College,37275.0,6200,19291.0,56978.0,60300
Paramount Beauty Academy,21361.0,PS,11769.0,34676.0,PS
Cuyahoga Valley Career Center,47914.0,PS,28208.0,62378.0,PS
Professional Skills Institute,47765.0,4200,25262.0,65855.0,66200
Firelands Regional Medical Center School of Nursing,68723.0,PS,52933.0,83545.0,PS
Raphael's School of Beauty Culture Inc-Niles,21307.0,PS,11379.0,34855.0,PS
Fortis College-Centerville,34726.0,4700,18147.0,53141.0,53700
University of Rio Grande,41478.0,7500,22364.0,62423.0,65400
The Modern College of Design,42187.0,PS,27487.0,65023.0,PS
Shawnee State University,39596.0,6700,22122.0,57949.0,65200
Sinclair Community College,37558.0,5000,18939.0,56634.0,59900
Stark State College,34661.0,6800,16724.0,53293.0,62100
Stautzenberger College-Maumee,34104.0,6200,18240.0,48517.0,64000
Franciscan University of Steubenville,50030.0,9200,30456.0,72163.0,70900
Southern State Community College,35463.0,4600,18617.0,52108.0,56900
Terra State Community College,36612.0,7100,19336.0,55697.0,60300
Tiffin Academy of Hair Design,25036.0,PS,9659.0,38000.0,PS
Tiffin University,35942.0,7800,17173.0,53905.0,75200
University of Toledo,50632.0,11700,30611.0,76768.0,83600
Tri-Rivers Career Center,48707.0,PS,30354.0,70600.0,PS
Upper Valley Career Center,52170.0,3100,34635.0,68127.0,53900
Ursuline College,56878.0,13300,37235.0,76180.0,89200
The North Coast College,30029.0,5600,14834.0,54782.0,53400
Walsh University,59764.0,13300,40103.0,80565.0,81600
Washington State College of Ohio,37988.0,5100,20293.0,55956.0,53200
Wilberforce University,38298.0,5200,17682.0,53841.0,71400
Wilmington College,48491.0,12000,34644.0,70304.0,70100
Wittenberg University,54947.0,13900,38348.0,77277.0,78500
The College of Wooster,59629.0,14800,41844.0,79758.0,86600
Wright State University-Main Campus,49500.0,11700,31682.0,72300.0,75300
Wright State University-Lake Campus,49500.0,11700,31682.0,72300.0,75300
Xavier University,64873.0,18800,43067.0,89915.0,92400
Youngstown State University,41544.0,8700,23008.0,61214.0,69200
Bacone College,40006.0,6100,23353.0,60656.0,62700
Oklahoma Wesleyan University,59841.0,13700,37359.0,93324.0,89400
Southern Nazarene University,54951.0,12500,33529.0,83155.0,93500
Pontotoc Technology Center,40955.0,PS,23848.0,58580.0,PS
Cameron University,40118.0,7900,22221.0,58201.0,70700
Carl Albert State College,34117.0,5200,17077.0,51103.0,58400
Central Oklahoma College,21213.0,3000,9278.0,39276.0,37900
University of Central Oklahoma,48351.0,10300,30177.0,68978.0,77600
Connors State College,38469.0,7100,19455.0,58428.0,63100
East Central University,44962.0,9700,27580.0,65215.0,68300
Eastern Oklahoma State College,38658.0,6200,19195.0,55073.0,64800
Redlands Community College,37224.0,7900,18344.0,56281.0,76100
Formations Institute,22058.0,PS,8654.0,37156.0,PS
Eves College of Hairstyling,15956.0,PS,6842.0,28101.0,PS
Randall University,42051.0,9400,23449.0,58227.0,63300
Langston University,33261.0,5500,14996.0,51692.0,63300
Murray State College,36545.0,4300,19206.0,56591.0,65500
Spartan College of Aeronautics and Technology,49944.0,9800,30708.0,77190.0,80000
Northeastern State University,45379.0,8600,28117.0,63320.0,69200
Northern Oklahoma College,37566.0,5200,20010.0,57973.0,65900
Northeastern Oklahoma A&M College,38337.0,5000,21006.0,58868.0,63800
Northwestern Oklahoma State University,44358.0,10000,25137.0,62641.0,73600
Oklahoma Christian University,49203.0,8900,31362.0,73028.0,77900
University of Oklahoma-Health Sciences Center,63126.0,13900,40536.0,92565.0,105000
Oklahoma Panhandle State University,44933.0,7800,26039.0,69232.0,74600
Oklahoma State University-Main Campus,57413.0,11900,37402.0,84788.0,92800
Oklahoma State University-Oklahoma City,41307.0,7100,20516.0,63178.0,74500
Oklahoma Baptist University,48434.0,8000,32025.0,68661.0,66100
Oklahoma City Community College,38146.0,8200,19206.0,58011.0,70800
Oklahoma City University,54655.0,11200,32128.0,90623.0,86900
University of Oklahoma-Norman Campus,63126.0,13900,40536.0,92565.0,105000
Oklahoma State University Institute of Technology,45634.0,7900,25512.0,74705.0,73800
Oral Roberts University,46885.0,7200,26903.0,71874.0,78200
Rogers State University,43166.0,6300,24620.0,64187.0,66100
Rose State College,37555.0,6700,19165.0,57485.0,66100
Jenks Beauty College,21406.0,2300,7286.0,39204.0,44300
University of Science and Arts of Oklahoma,41913.0,4700,22278.0,57467.0,64900
Seminole State College,35390.0,5500,18596.0,53064.0,59500
Southern School of Beauty Inc,9656.0,PS,4592.0,23148.0,PS
Southeastern Oklahoma State University,45079.0,9100,28093.0,64424.0,67100
Southwestern Christian University,40391.0,PS,25157.0,59984.0,PS
Southwestern Oklahoma State University,45744.0,7400,26790.0,68999.0,97700
Tulsa Community College,39746.0,5600,20480.0,61015.0,67900
Tulsa Welding School-Tulsa,41067.0,7200,20174.0,63210.0,80300
University of Tulsa,61408.0,10000,36467.0,100122.0,96900
Western Oklahoma State College,38248.0,5900,18594.0,58064.0,67100
High Plains Technology Center,33734.0,PS,9949.0,45911.0,PS
Blue Mountain Community College,38375.0,6300,19674.0,56881.0,63700
Central Oregon Community College,38940.0,4700,19833.0,58866.0,67900
Chemeketa Community College,40968.0,4900,22362.0,61579.0,66300
Clackamas Community College,42886.0,6000,22456.0,64430.0,73700
Clatsop Community College,39477.0,3600,20654.0,64269.0,62400
College of Hair Design Careers,23915.0,PS,11702.0,43351.0,PS
Concorde Career College-Portland,42362.0,3300,22493.0,59652.0,46300
Sumner College,46639.0,6400,25655.0,70255.0,59000
East West College of the Healing Arts,28483.0,PS,13100.0,47255.0,PS
Eastern Oregon University,50112.0,9100,29162.0,72357.0,73900
New Hope Christian College-Eugene,31115.0,PS,14244.0,54527.0,PS
George Fox University,59761.0,10400,36365.0,89001.0,85000
Phagans Grants Pass College of Beauty,23595.0,PS,8838.0,45766.0,PS
Lane Community College,38075.0,4400,19972.0,57849.0,63800
Lewis & Clark College,62205.0,10000,36484.0,91485.0,87800
Linfield University,78638.0,15000,49821.0,111142.0,91200
Linn-Benton Community College,41363.0,5000,21991.0,62607.0,69800
Northwest College-Beaverton,24421.0,2800,10179.0,39664.0,38200
Phagans Medford Beauty School,20718.0,PS,12718.0,36073.0,PS
Northwest College-Clackamas,24421.0,2800,10179.0,39664.0,38200
Mt Hood Community College,41125.0,6000,20593.0,62679.0,71000
Multnomah University,47939.0,3700,28735.0,74961.0,66000
Bushnell University,53623.0,7300,32538.0,75230.0,85100
Oregon Health & Science University,101028.0,29300,72088.0,121864.0,156400
Oregon Institute of Technology,72273.0,13100,46200.0,102021.0,92500
Oregon State University,64010.0,12800,39922.0,92783.0,91800
University of Oregon,61324.0,10500,36885.0,90526.0,84400
Pacific Northwest College of Art,34883.0,2500,16871.0,59519.0,60700
Pacific University,60583.0,9300,38184.0,86206.0,81600
Phagans Beauty College,33102.0,PS,18012.0,42990.0,PS
Phagans Central Oregon Beauty College,20551.0,PS,11101.0,37824.0,PS
Phagans School of Beauty,23393.0,PS,8538.0,39550.0,PS
Phagans School of Hair Design,22912.0,PS,10887.0,39033.0,PS
Summit Salon Academy-Portland,24106.0,PS,16781.0,31021.0,PS
Portland Community College,44592.0,5400,22359.0,68576.0,75900
Portland State University,57906.0,8700,33117.0,85203.0,89500
University of Portland,82804.0,12800,56963.0,112160.0,93900
Reed College,62927.0,8500,38126.0,97815.0,83200
Rogue Community College,36845.0,3500,18276.0,55801.0,61400
Southern Oregon University,49175.0,8600,29348.0,69631.0,74800
Southwestern Oregon Community College,38349.0,4500,20648.0,56798.0,67400
Treasure Valley Community College,36738.0,6900,19446.0,53615.0,61100
Umpqua Community College,36676.0,5000,18076.0,55644.0,67400
Warner Pacific University,55204.0,7400,34428.0,78883.0,75700
Corban University,48917.0,4900,24847.0,69991.0,77300
Willamette University,56911.0,13500,30585.0,85316.0,96500
Western Oregon University,51815.0,9800,33582.0,71166.0,70900
University of Western States,27382.0,PS,10155.0,41813.0,PS
Albright College,58700.0,16100,41197.0,84649.0,90400
All-State Career School,38495.0,6700,16122.0,61916.0,71500
Community College of Allegheny County,39449.0,5900,20865.0,58783.0,63700
Allegheny College,62069.0,17200,40705.0,84506.0,94700
The  Beauty Institute,23580.0,PS,11167.0,37156.0,PS
DeSales University,61295.0,15900,38663.0,89044.0,92200
Altoona Beauty School Inc,24246.0,PS,9799.0,34397.0,PS
Alvernia University,55055.0,11500,36845.0,78403.0,75300
The Beauty Institute-Ambler,24785.0,PS,9703.0,42279.0,PS
Automotive Training Center-Exton,51112.0,15600,32370.0,69328.0,70000
Clarks Summit University,38818.0,4100,22806.0,56283.0,61500
Community College of Beaver County,45090.0,6700,27222.0,71536.0,89300
Arcadia University,58336.0,12500,39972.0,80889.0,81700
Bryn Mawr College,75217.0,18000,52859.0,107519.0,108700
Bucknell University,93807.0,24000,62778.0,133223.0,131700
Bucks County Community College,47324.0,7600,27775.0,72979.0,73700
Bucks County School of Beauty Culture Inc,27341.0,PS,11929.0,40685.0,PS
Butler Beauty Academy,23003.0,3600,8124.0,34380.0,31500
Butler County Community College,38891.0,7200,21424.0,57496.0,62900
Cabrini University,59038.0,11900,38101.0,79698.0,82600
Carlow University,51051.0,12200,32242.0,76659.0,72200
Carnegie Mellon University,114862.0,18900,72560.0,182769.0,172000
Cedar Crest College,59460.0,13700,36347.0,83649.0,78000
Central Penn College,45370.0,9300,27923.0,66481.0,59100
Chatham University,52410.0,7100,32348.0,80486.0,72500
Chestnut Hill College,52015.0,8700,33460.0,71296.0,78000
Cheyney University of Pennsylvania,37837.0,5200,18673.0,54800.0,57000
Citizens School of Nursing,69939.0,PS,51103.0,86193.0,PS
DLP Conemaugh Memorial Medical Center,65740.0,PS,49373.0,83380.0,PS
Delaware County Community College,45391.0,8000,24711.0,68513.0,77400
Delaware Valley University,55838.0,11800,36188.0,79286.0,79600
Dickinson College,70204.0,19900,48149.0,101383.0,97500
Douglas Education Center,30814.0,5800,13437.0,44341.0,44800
Drexel University,84648.0,16600,54500.0,113366.0,106300
Duquesne University,74742.0,20800,49248.0,106567.0,118800
East Stroudsburg University of Pennsylvania,56148.0,11800,36540.0,76021.0,71000
Eastern University,51655.0,11700,32081.0,74621.0,90800
Elizabethtown College,62399.0,18000,45388.0,86157.0,86000
Empire Beauty School-Lebanon,22377.0,2200,9788.0,38570.0,38600
Empire Beauty School-York,23921.0,3000,10818.0,39242.0,41500
Empire Beauty School-Lancaster,25073.0,2500,10829.0,39642.0,50000
Empire Beauty School-Shamokin Dam,25073.0,2500,10829.0,39642.0,50000
Empire Beauty School-Pottsville,23589.0,2800,10335.0,39321.0,41400
Empire Beauty  School-Lehigh Valley,25073.0,2500,10829.0,39642.0,50000
Empire Beauty School-Gwinnett,23589.0,2800,10335.0,39321.0,41400
Empire Beauty School-Wyoming Valley,23921.0,3000,10818.0,39242.0,41500
Empire Beauty School-Harrisburg,22377.0,2200,9788.0,38570.0,38600
Empire Beauty School-Reading,23921.0,3000,10818.0,39242.0,41500
Erie Institute of Technology Inc,41951.0,PS,20430.0,62744.0,PS
Franklin and Marshall College,76124.0,16900,54176.0,112430.0,107000
Gannon University,58845.0,15900,37209.0,85804.0,91100
Geneva College,50004.0,8200,29377.0,72852.0,76300
Gettysburg College,71517.0,18100,49726.0,104062.0,100100
Empire Beauty School-NE Philadelphia,24407.0,4500,11058.0,41242.0,56800
Gwynedd Mercy University,67145.0,14600,43796.0,95071.0,87600
Harcum College,46827.0,7700,27672.0,71039.0,67300
Harrisburg Area Community College,42007.0,7700,24137.0,62654.0,65200
Haverford College,79966.0,15900,57103.0,117492.0,117600
Commonwealth Technical Institute,21632.0,PS,9930.0,35042.0,PS
Holy Family University,62235.0,15400,38615.0,88857.0,81800
Immaculata University,75701.0,10100,49236.0,101424.0,90200
Indiana University of Pennsylvania-Main Campus,51019.0,11100,32990.0,71393.0,70900
UPMC Jameson School of Nursing,70472.0,PS,41718.0,80021.0,PS
Great Lakes Institute of Technology,28704.0,3800,13175.0,40476.0,40900
Johnson College,55194.0,6800,36067.0,75252.0,68500
Juniata College,56918.0,17700,41252.0,76504.0,82800
Keystone College,44976.0,8400,27863.0,61844.0,62700
King's College,59498.0,18000,42669.0,82746.0,95500
Butler Beauty Academy-Kittanning Beauty Academy,23003.0,3600,8124.0,34380.0,31500
Kutztown University of Pennsylvania,53775.0,13700,37044.0,71746.0,71700
La Roche University,52341.0,9400,34922.0,76019.0,71600
La Salle University,67416.0,14600,43525.0,95876.0,93300
Lackawanna College,41000.0,4500,20423.0,62664.0,64800
Lafayette College,91410.0,25000,63534.0,133083.0,124300
Lancaster Bible College,44096.0,7300,25894.0,63783.0,64100
Lansdale School of Business,37442.0,7200,18794.0,54451.0,63700
Lansdale School of Cosmetology Inc,25019.0,PS,14107.0,44686.0,PS
Lebanon Valley College,62621.0,18000,42715.0,81980.0,79300
Lehigh Carbon Community College,42436.0,6800,25257.0,62508.0,64000
Miller-Motte College-Berks Technical Institute,31102.0,2400,15775.0,47146.0,44700
Lehigh University,105584.0,28900,72507.0,148926.0,137400
Lincoln Technical Institute-Allentown,38683.0,9900,19113.0,59147.0,72200
Lincoln Technical Institute-Philadelphia,38683.0,9900,19113.0,59147.0,72200
Lincoln University,43167.0,6800,23639.0,63002.0,62000
UPMC St. Margaret School of Nursing,67327.0,PS,47656.0,84063.0,PS
Luzerne County Community College,40437.0,6800,23227.0,60655.0,63500
Lycoming College,56210.0,15200,37571.0,77152.0,81800
Manor College,46825.0,9400,27887.0,69225.0,72600
Marywood University,55817.0,11600,36372.0,73929.0,70100
Vet Tech Institute,34583.0,4200,19635.0,46363.0,42700
Roxborough Memorial Hospital School of Nursing,79323.0,PS,45930.0,103993.0,PS
Mercyhurst University,47452.0,10900,28870.0,68639.0,71700
Messiah University,54064.0,10200,38104.0,75950.0,78100
ASPIRA City College,34857.0,3900,15520.0,53410.0,45700
Millersville University of Pennsylvania,55246.0,14200,37409.0,73479.0,71000
Misericordia University,64313.0,16400,42783.0,86275.0,81700
Montgomery County Community College,46108.0,8300,24260.0,69180.0,72600
Moore College of Art and Design,37839.0,4900,22123.0,57012.0,57600
Moravian University,61860.0,13800,44318.0,87384.0,86900
Mount Aloysius College,46165.0,9800,29237.0,67394.0,70200
Muhlenberg College,69107.0,22300,43599.0,98673.0,108500
Neumann University,57817.0,11900,37722.0,81520.0,79500
New Castle School of Trades,44814.0,6300,24833.0,62922.0,63600
Northampton County Area Community College,41566.0,7100,23180.0,62111.0,65400
Orleans Technical College,38668.0,4800,16397.0,58363.0,60800
Pennsylvania Institute of Technology,35703.0,9600,18878.0,54194.0,72400
Pennsylvania State University-Penn State Erie-Behrend College,63435.0,14400,40301.0,93790.0,94200
Pennsylvania State University-Penn State Great Valley,63435.0,14400,40301.0,93790.0,94200
Pennsylvania State University-Penn State New Kensington,63435.0,14400,40301.0,93790.0,94200
Pennsylvania State University-Penn State Shenango,63435.0,14400,40301.0,93790.0,94200
Pennsylvania State University-Penn State Wilkes-Barre,63435.0,14400,40301.0,93790.0,94200
Pennsylvania State University-Penn State Scranton,63435.0,14400,40301.0,93790.0,94200
Pennsylvania State University-Penn State Lehigh Valley,63435.0,14400,40301.0,93790.0,94200
Pennsylvania State University-Penn State Altoona,63435.0,14400,40301.0,93790.0,94200
Pennsylvania State University-Penn State Beaver,63435.0,14400,40301.0,93790.0,94200
Pennsylvania State University-Penn State Berks,63435.0,14400,40301.0,93790.0,94200
Pennsylvania State University-Penn State Harrisburg,63435.0,14400,40301.0,93790.0,94200
Pennsylvania State University-Penn State Brandywine,63435.0,14400,40301.0,93790.0,94200
Pennsylvania State University-Penn State DuBois,63435.0,14400,40301.0,93790.0,94200
Pennsylvania State University-Penn State Fayette- Eberly,63435.0,14400,40301.0,93790.0,94200
Pennsylvania State University-Penn State Hazleton,63435.0,14400,40301.0,93790.0,94200
Pennsylvania State University-Main Campus,63435.0,14400,40301.0,93790.0,94200
Pennsylvania State University-Penn State Greater Allegheny,63435.0,14400,40301.0,93790.0,94200
Pennsylvania State University-Penn State Mont Alto,63435.0,14400,40301.0,93790.0,94200
Pennsylvania State University-Penn State Abington,63435.0,14400,40301.0,93790.0,94200
Pennsylvania State University-Penn State Schuylkill,63435.0,14400,40301.0,93790.0,94200
Pennsylvania State University-Penn State York,63435.0,14400,40301.0,93790.0,94200
Peirce College,50660.0,9400,30162.0,73525.0,80100
Penn Commercial Business/Technical School,31736.0,3300,15550.0,48027.0,51000
Pennco Tech-Bristol,43493.0,5300,22162.0,63959.0,64900
Pennsylvania Academy of the Fine Arts,29881.0,PS,11449.0,53406.0,PS
Pennsylvania Gunsmith School,40747.0,PS,30066.0,52580.0,PS
Cortiva Institute,32094.0,PS,14092.0,50600.0,PS
Pennsylvania College of Art and Design,33301.0,PS,15518.0,49235.0,PS
University of Pennsylvania,111371.0,22700,69735.0,183142.0,236200
University of the Arts,38252.0,7100,18509.0,60197.0,67600
Cairn University-Langhorne,44172.0,6000,27125.0,64255.0,67200
Philadelphia College of Osteopathic Medicine,138767.0,61200,78799.0,170962.0,250000
Community College of Philadelphia,40852.0,5400,20601.0,61228.0,65700
University of Pittsburgh-Bradford,66125.0,16100,43765.0,96619.0,95300
University of Pittsburgh-Greensburg,66125.0,16100,43765.0,96619.0,95300
University of Pittsburgh-Johnstown,66125.0,16100,43765.0,96619.0,95300
University of Pittsburgh-Pittsburgh Campus,66125.0,16100,43765.0,96619.0,95300
University of Pittsburgh-Titusville,66125.0,16100,43765.0,96619.0,95300
Pittsburgh Institute of Aeronautics,66642.0,22100,46942.0,88859.0,90800
Pittsburgh Institute of Mortuary Science Inc,53524.0,8000,26087.0,75950.0,67900
Pittsburgh Technical College,40770.0,8900,24008.0,59505.0,67900
Point Park University,45856.0,9800,25514.0,66756.0,79600
Joseph F McCloskey School of Nursing,86138.0,PS,52476.0,96361.0,PS
The Salon Professional Academy-Altoona,20809.0,PS,9721.0,35549.0,PS
Reading Area Community College,39082.0,5900,21317.0,58433.0,62600
Reading Hospital School of Health Sciences,74572.0,PS,50577.0,95432.0,PS
Walnut Hill College,36689.0,7400,18105.0,53311.0,63000
Robert Morris University,62105.0,14600,41953.0,87672.0,84100
Rosedale Technical College,47880.0,7900,27320.0,69714.0,63400
Rosemont College,48555.0,10500,28444.0,68061.0,89300
Saint Francis University,62101.0,16000,42286.0,89673.0,88500
Saint Joseph's University - Philadelphia,86881.0,20000,59140.0,127367.0,105000
Saint Vincent College,59982.0,15300,41646.0,84764.0,84200
Saint Vincent Seminary,59982.0,15300,41646.0,84764.0,84200
Schuylkill Technology Center,49148.0,PS,22601.0,64828.0,PS
University of Scranton,74652.0,19800,51775.0,101526.0,103100
Seton Hill University,51748.0,10600,35948.0,75671.0,73300
UPMC Shadyside School of Nursing,68801.0,PS,47212.0,85148.0,PS
Sharon Regional School of Nursing,74189.0,PS,55146.0,92020.0,PS
Laurel Technical Institute,28311.0,PS,14372.0,40486.0,PS
Shippensburg University of Pennsylvania,56351.0,17700,39639.0,77825.0,80400
Slippery Rock University of Pennsylvania,53032.0,11200,37706.0,72223.0,68500
Saint Charles Borromeo Seminary-Overbrook,55225.0,PS,40854.0,76945.0,PS
South Hills Beauty Academy,23453.0,2700,9687.0,40927.0,46500
South Hills School of Business & Technology,35539.0,7700,21221.0,50897.0,57600
St Lukes Hospital School of Nursing,80244.0,PS,60627.0,95046.0,PS
The Beauty Institute,30577.0,PS,17433.0,45745.0,PS
Susquehanna University,61723.0,19800,43199.0,84592.0,90100
Swarthmore College,80257.0,10700,50812.0,138207.0,114500
Thaddeus Stevens College of Technology,54681.0,9000,33778.0,71532.0,66600
Temple University,63727.0,12600,40592.0,91581.0,92100
Thiel College,49714.0,12900,34546.0,71007.0,66700
Thomas Jefferson University,77449.0,32700,48715.0,102493.0,156500
Triangle Tech Inc-Pittsburgh,51953.0,6900,28155.0,73121.0,69400
Triangle Tech Inc-Greensburg,53788.0,7200,32063.0,77305.0,69800
Triangle Tech Inc-Dubois,45538.0,9700,29235.0,66339.0,71100
Ursinus College,73721.0,18000,50224.0,106026.0,92200
University of Valley Forge,39016.0,6200,22009.0,57865.0,63200
Valley Forge Military College,50798.0,PS,22899.0,83769.0,PS
Venus Beauty Academy,22727.0,PS,9987.0,38880.0,PS
Villanova University,100423.0,30300,71695.0,138720.0,136600
Washington Health System School of Nursing,63504.0,PS,38169.0,81671.0,PS
Washington & Jefferson College,67918.0,18800,45838.0,101438.0,96100
Waynesburg University,58537.0,15100,40386.0,84282.0,84800
Welder Training and Testing Institute,55598.0,PS,30446.0,79013.0,PS
West Chester University of Pennsylvania,61258.0,14300,41905.0,83592.0,80900
Western Pennsylvania Hospital School of Nursing,56487.0,PS,34725.0,81733.0,PS
Westminster College,53861.0,15100,41182.0,73557.0,83000
Westmoreland County Community College,37439.0,5700,19381.0,57126.0,59000
Widener University,70920.0,16600,46675.0,97171.0,92200
Wilkes University,63454.0,15300,42451.0,95134.0,112500
Wilson College,43326.0,7100,30412.0,59095.0,62200
York College of Pennsylvania,61012.0,14900,42097.0,85247.0,83000
YTI Career Institute-York,40672.0,7700,24523.0,57524.0,66500
Brown University,93487.0,17200,63520.0,164436.0,161000
Bryant University,90008.0,26900,59501.0,120462.0,107700
Johnson & Wales University-Providence,43418.0,9100,25436.0,63933.0,68100
New England Institute of Technology,48684.0,8900,29748.0,73886.0,75500
Providence College,87054.0,24300,63919.0,122404.0,110400
Rhode Island College,56318.0,9700,35091.0,75388.0,69300
Community College of Rhode Island,42659.0,6600,22183.0,66610.0,64500
University of Rhode Island,69743.0,15100,44076.0,101736.0,93800
Rhode Island School of Design,68140.0,7400,29793.0,108226.0,87900
Roger Williams University,70266.0,15100,49055.0,95351.0,87300
Salve Regina University,72975.0,15400,49047.0,101056.0,84900
Empire Beauty School-Warwick,23589.0,2800,10335.0,39321.0,41400
Northpoint Bible College,42210.0,PS,25071.0,68194.0,PS
Aiken Technical College,39225.0,6700,23391.0,60452.0,55000
Allen University,30497.0,3200,16982.0,43521.0,42700
Anderson University,42101.0,9100,29175.0,58890.0,63100
Charleston Southern University,45898.0,10000,29949.0,65834.0,71200
Technical College of the Lowcountry,35090.0,5700,19877.0,53992.0,57900
Benedict College,31902.0,3900,16343.0,45905.0,45400
Southern Wesleyan University,47756.0,13800,33318.0,70437.0,88400
College of Charleston,56416.0,10900,35817.0,81379.0,81300
Charzanne Beauty College,21229.0,PS,9037.0,33409.0,PS
Northeastern Technical College,32141.0,6800,18277.0,45777.0,50400
Citadel Military College of South Carolina,72085.0,14300,48175.0,94558.0,91300
Claflin University,40304.0,6900,25171.0,55829.0,57400
Clemson University,71513.0,17500,46322.0,100350.0,93900
Clinton College,30180.0,PS,13759.0,46093.0,PS
Coker University,40117.0,11500,23027.0,56329.0,60500
Columbia International University,38951.0,3000,21349.0,59327.0,53100
Columbia College,41338.0,7300,26337.0,55228.0,62300
Converse University,40867.0,8700,26797.0,56823.0,59700
Denmark Technical College,25351.0,2900,12199.0,40642.0,42600
Erskine College,53459.0,12000,36547.0,77842.0,66600
Florence-Darlington Technical College,32748.0,7700,18552.0,51709.0,55400
Francis Marion University,43888.0,10200,29906.0,65809.0,63500
Furman University,68635.0,13600,46655.0,102175.0,97400
Greenville Technical College,39473.0,6600,22325.0,58378.0,60200
Horry-Georgetown Technical College,35507.0,5100,18794.0,53910.0,55800
Kenneth Shuler School of Cosmetology-North Augusta,25542.0,PS,11266.0,37813.0,PS
Kenneth Shuler School of Cosmetology and Nails-Columbia,25088.0,PS,12597.0,37867.0,PS
Lander University,42396.0,11400,29159.0,58359.0,61500
Limestone University,44999.0,8900,28859.0,66159.0,69600
Medical University of South Carolina,88420.0,26900,65145.0,119437.0,171200
Midlands Technical College,38701.0,6400,21433.0,57987.0,58800
Morris College,30614.0,6900,17343.0,42409.0,46200
Newberry College,48040.0,9300,30927.0,69487.0,60800
North Greenville University,43035.0,6500,25987.0,59440.0,58600
Orangeburg Calhoun Technical College,35761.0,5400,18482.0,53657.0,51900
Piedmont Technical College,35768.0,6100,19937.0,52341.0,51900
Presbyterian College,60194.0,17100,42452.0,85285.0,77200
University of South Carolina Aiken,45603.0,10700,30146.0,68565.0,72000
University of South Carolina Beaufort,48088.0,5800,30645.0,71645.0,63400
University of South Carolina-Columbia,62177.0,12900,41018.0,93729.0,89600
University of South Carolina-Lancaster,39426.0,6000,24439.0,57977.0,58300
University of South Carolina-Salkehatchie,31360.0,7200,17095.0,47444.0,50800
University of South Carolina-Sumter,42437.0,10300,27212.0,59757.0,59900
University of South Carolina-Union,33699.0,4300,18974.0,49036.0,55500
Coastal Carolina University,47258.0,9800,30885.0,67776.0,70100
South Carolina State University,38262.0,9400,22900.0,55233.0,61300
University of South Carolina-Upstate,48587.0,10900,32831.0,71756.0,69800
Spartanburg Methodist College,42895.0,8300,26025.0,57744.0,55300
Spartanburg Community College,37097.0,5000,21043.0,54197.0,50700
Central Carolina Technical College,32603.0,5900,18051.0,48220.0,52800
Tri-County Technical College,40101.0,4700,22733.0,60526.0,54800
Trident Technical College,38253.0,6800,20578.0,58165.0,62100
Voorhees University,35339.0,5500,18828.0,49657.0,55900
Williamsburg Technical College,29935.0,3800,17026.0,44503.0,42200
Winthrop University,47185.0,10200,33671.0,66172.0,64600
Wofford College,68964.0,15100,47662.0,96651.0,98400
York Technical College,37257.0,5500,19597.0,55453.0,50300
Augustana University,59217.0,15900,43122.0,82312.0,80800
The Salon Professional Academy,23641.0,PS,10834.0,35782.0,PS
Black Hills State University,46674.0,10000,28912.0,63502.0,67900
Dakota State University,50970.0,14800,36497.0,69547.0,71200
Dakota Wesleyan University,53728.0,11300,38140.0,73136.0,62800
Paul Mitchell the School-Rapid City,29547.0,PS,16281.0,45659.0,PS
Lake Area Technical College,45473.0,8800,29962.0,62719.0,64100
Mitchell Technical College,50743.0,12300,31789.0,78287.0,74700
Mount Marty University,48179.0,10200,33381.0,69519.0,60500
National American University-Rapid City,37325.0,8100,19986.0,54855.0,82600
Northern State University,47618.0,9900,32556.0,63985.0,62900
Oglala Lakota College,22517.0,1600,6574.0,42268.0,46500
South Dakota School of Mines and Technology,72257.0,16500,46211.0,101142.0,103200
South Dakota State University,55070.0,15500,38252.0,78622.0,80000
Sinte Gleska University,20948.0,2800,6034.0,41233.0,43700
University of Sioux Falls,54521.0,12700,38541.0,78768.0,70300
Sisseton Wahpeton College,31546.0,PS,9186.0,47489.0,PS
Southeast Technical College,46709.0,13100,31371.0,64382.0,66900
University of South Dakota,51926.0,12600,37336.0,70894.0,73400
Western Dakota Technical College,40240.0,7600,24996.0,57287.0,62200
American Baptist College,41216.0,PS,23456.0,57194.0,PS
Arnolds Beauty School,27828.0,PS,11161.0,40186.0,PS
TCAT Athens,40540.0,3900,25245.0,56534.0,50900
Austin Peay State University,44301.0,8000,26869.0,64102.0,68200
Baptist Health Sciences University,72529.0,20300,48076.0,97481.0,89000
Belmont University,55930.0,9600,32026.0,84814.0,83800
Bethel University,47482.0,9700,30259.0,68992.0,79200
Bryan College-Dayton,54434.0,6200,34075.0,85369.0,69600
Carson-Newman University,48382.0,8500,30972.0,68441.0,68300
Chattanooga State Community College,37598.0,6100,19870.0,56331.0,57000
Christian Brothers University,57478.0,15300,34312.0,80059.0,87500
Cleveland State Community College,36671.0,5100,19319.0,54778.0,61900
Columbia State Community College,40256.0,6900,22723.0,59308.0,59700
Concorde Career College-Memphis,31599.0,5800,16825.0,45927.0,42700
Cumberland University,57687.0,10200,38662.0,82086.0,67300
Lipscomb University,55541.0,13400,36819.0,82845.0,82200
Tennessee College of Applied Technology-Dickson,36829.0,7700,18692.0,53215.0,51700
Dyersburg State Community College,36132.0,4600,18634.0,52500.0,57500
East Tennessee State University,44859.0,8700,27964.0,66045.0,69400
Chattanooga College Medical Dental and & Technical Careers,25954.0,6100,13312.0,39348.0,55300
Tennessee College of Applied Technology-Elizabethton,35069.0,7000,20356.0,49422.0,49300
The Hair Academy LLC,22193.0,PS,14173.0,37576.0,PS
Fisk University,45454.0,8200,25449.0,63020.0,61100
Welch College,42198.0,10600,26564.0,58201.0,64200
Freed-Hardeman University,47485.0,6400,26510.0,69867.0,74800
Tennessee College of Applied Technology-Harriman,31591.0,8300,14698.0,50998.0,48100
Tennessee College of Applied Technology-Hartsville,40469.0,PS,24430.0,57492.0,PS
Tennessee College of Applied Technology-Hohenwald,36106.0,3600,17854.0,53850.0,53200
Tennessee College of Applied Technology-Jacksboro,36449.0,3300,17921.0,51924.0,49600
Jackson State Community College,35224.0,6500,19220.0,52040.0,51700
John A Gupton College,46902.0,PS,24260.0,64202.0,PS
Johnson University,40596.0,6600,24899.0,55177.0,58800
Paul Mitchell the School-Murfreesboro,30461.0,PS,12974.0,44642.0,PS
King University,59831.0,12800,37050.0,88672.0,91100
South College,36642.0,2700,20815.0,54039.0,47400
Lane College,31670.0,5400,16766.0,46586.0,50600
Le Moyne-Owen College,35594.0,8700,19395.0,53377.0,60200
Lee University,43222.0,6100,25758.0,61725.0,60400
Lincoln Memorial University,49956.0,12400,30592.0,72811.0,69900
Tennessee College of Applied Technology-Livingston,33497.0,4100,18553.0,46424.0,44200
The University of Tennessee Southern,38924.0,4100,22783.0,55993.0,58900
Maryville College,49279.0,12600,34298.0,70568.0,76400
Tennessee College of Applied Technology-McKenzie,36720.0,3400,23236.0,50085.0,48900
Genesis Career College-Cookeville,22652.0,PS,10756.0,37516.0,PS
Tennessee College of Applied Technology-Memphis,31192.0,9900,15663.0,50064.0,54700
University of Memphis,48458.0,8800,29737.0,70926.0,74200
Middle Tennessee State University,48541.0,9900,30810.0,69704.0,72200
Tennessee College of Applied Technology-Morristown,38837.0,6000,20712.0,55774.0,52300
Motlow State Community College,40397.0,5500,21840.0,57391.0,54300
Tennessee College of Applied Technology-Murfreesboro,40869.0,PS,22824.0,59209.0,PS
Lincoln College of Technology-Nashville,46396.0,6300,25586.0,66729.0,57900
Nashville State Community College,38519.0,7600,19748.0,57206.0,61000
Tennessee College of Applied Technology Northwest,38514.0,2200,22568.0,54653.0,50600
Tennessee College of Applied Technology-Henry/Carroll,29074.0,4600,14685.0,43157.0,42600
Tennessee College of Applied Technology-Pulaski,40368.0,4500,24905.0,56847.0,46500
Rhodes College,66651.0,17000,43822.0,103868.0,118200
Roane State Community College,39407.0,4800,22781.0,56911.0,58100
Tennessee College of Applied Technology-Crump,30796.0,4000,16233.0,47798.0,47500
Southwest Tennessee Community College,34071.0,6400,17590.0,51079.0,53300
Tennessee College of Applied Technology-Shelbyville,38700.0,5100,21203.0,57398.0,59400
The University of the South,64911.0,12500,39809.0,99334.0,96500
Tennessee College of Applied Technology-Oneida-Huntsville,31949.0,4100,15005.0,46116.0,44800
Tennessee College of Applied Technology-Upper Cumberland,35551.0,4100,18842.0,50338.0,43300
Tennessee College of Applied Technology-McMinnville,40322.0,1700,20440.0,53803.0,50700
Tennessee College of Applied Technology-Jackson,38383.0,3100,21131.0,55085.0,50400
Tennessee College of Applied Technology-Knoxville,37235.0,3900,21463.0,52489.0,44100
Pellissippi State Community College,38440.0,5000,20815.0,57443.0,58300
Southern Adventist University,53723.0,7000,33870.0,85229.0,83000
Tennessee Wesleyan University,45989.0,9000,30950.0,65645.0,67000
The University of Tennessee-Chattanooga,51151.0,10900,33200.0,74361.0,74600
The University of Tennessee-Knoxville,60249.0,12700,39008.0,88456.0,94300
The University of Tennessee-Martin,44213.0,9400,30431.0,61331.0,67400
Tennessee School of Beauty of Knoxville Inc,19913.0,3600,9181.0,36993.0,36700
Tennessee State University,42730.0,9500,25972.0,61975.0,70300
Tennessee Technological University,48501.0,11400,33538.0,71299.0,79100
Trevecca Nazarene University,49378.0,10200,30775.0,77968.0,80900
Northeast State Community College,34553.0,4800,18955.0,51368.0,58600
Tusculum University,44367.0,15700,27593.0,62745.0,81000
Union University,53990.0,9900,34744.0,78063.0,77900
Vanderbilt University,91565.0,22300,59554.0,138460.0,144000
Volunteer State Community College,41150.0,6200,24273.0,58163.0,59600
Walters State Community College,37085.0,5300,21488.0,53290.0,54300
William R Moore College of Technology,32194.0,PS,21518.0,50684.0,PS
Abilene Christian University,55736.0,9600,36361.0,80010.0,78700
Alvin Community College,45762.0,6000,23965.0,71979.0,74300
Amarillo College,41302.0,7600,22290.0,62056.0,69500
Angelina College,37301.0,6100,20934.0,56287.0,60600
Angelo State University,50116.0,11200,32254.0,70895.0,77400
Arlington Baptist University,44644.0,PS,23688.0,61630.0,PS
Arlington Career Institute,36674.0,6500,18305.0,51257.0,51100
Austin College,61296.0,19000,43810.0,87608.0,91200
Austin Community College District,43177.0,7400,23247.0,64418.0,71500
Baldwin Beauty School-South Austin,24801.0,PS,12743.0,37868.0,PS
Baptist Health System School of Health Professions,74220.0,PS,53448.0,98730.0,PS
Baylor University,65793.0,15000,44166.0,94158.0,98100
Coastal Bend College,35086.0,4600,19040.0,55422.0,63400
Blinn College District,46318.0,8500,26677.0,69164.0,78700
Remington College-Dallas Campus,31349.0,5600,16051.0,44946.0,56900
Vet Tech Institute of Houston,35765.0,11000,19661.0,48851.0,52600
Brazosport College,45910.0,5900,23521.0,69988.0,70600
Central Texas College,40995.0,7400,22375.0,62217.0,68900
Charles and Sues School of Hair Design,27724.0,PS,13507.0,38117.0,PS
Cisco College,39092.0,6500,20411.0,58874.0,61700
Clarendon College,38696.0,4400,20749.0,58486.0,69700
Concordia University Texas,60883.0,11500,38795.0,87304.0,86600
BK Cosmo College of Cosmetology,20270.0,PS,11710.0,33552.0,PS
North Central Texas College,45809.0,6900,25028.0,66759.0,66500
Texas A & M University-Corpus Christi,51865.0,12900,33062.0,71968.0,81800
Paul Mitchell the School-Dallas,28693.0,3400,13515.0,47106.0,55700
Dallas Baptist University,56807.0,9300,34818.0,81273.0,81300
Dallas Christian College,43503.0,10600,23556.0,64776.0,81600
Dallas Institute of Funeral Service,45866.0,7000,25018.0,65095.0,67800
University of Dallas,58285.0,12700,35659.0,80012.0,83700
Del Mar College,38656.0,5600,20990.0,61557.0,68800
East Texas Baptist University,52788.0,8700,35467.0,71231.0,76600
Texas A&M University-Texarkana,45515.0,13200,31078.0,61297.0,65000
East Texas A&M University,50296.0,10100,33068.0,66325.0,65500
Dallas College,41714.0,7200,21743.0,61867.0,65000
El Paso Community College,35212.0,6900,19704.0,55562.0,60200
Western Technical College,36156.0,8300,20750.0,57043.0,65000
Western Technical College,36156.0,8300,20750.0,57043.0,65000
Exposito School of Hair Design,20397.0,PS,11879.0,33913.0,PS
Fort Worth Beauty School,22139.0,7000,11259.0,36573.0,39100
Frank Phillips College,37179.0,5600,17892.0,58927.0,66700
Galveston College,37233.0,6100,18752.0,62168.0,63100
Grayson College,40873.0,6000,22608.0,60969.0,69300
Hallmark University,40183.0,7500,25449.0,63848.0,72500
Hardin-Simmons University,54771.0,9900,37653.0,77040.0,80700
Trinity Valley Community College,38567.0,4800,20226.0,60120.0,65800
Hill College,39572.0,4100,19784.0,62210.0,61100
Houston Christian University,55933.0,9700,32345.0,79846.0,85900
University of Houston-Clear Lake,59004.0,13900,40766.0,76140.0,94100
Houston Community College,39254.0,8000,18789.0,61121.0,71200
University of Houston-Downtown,53551.0,11100,30812.0,72505.0,82000
University of Houston-Victoria,54467.0,10800,35230.0,82094.0,71200
University of Houston,62377.0,13600,39375.0,92999.0,100000
Howard College,38382.0,5700,20950.0,57845.0,64300
Howard Payne University,48376.0,8400,33222.0,64999.0,68900
Huston-Tillotson University,42937.0,9100,24894.0,59998.0,55400
University of the Incarnate Word,56733.0,12600,35538.0,80251.0,85300
Jacksonville College-Main Campus,38885.0,6400,18020.0,55453.0,53600
Jarvis Christian University,32992.0,4100,16808.0,48613.0,49600
KD Conservatory College of Film and Dramatic Arts,30187.0,8300,16148.0,42712.0,54900
Kilgore College,37975.0,4400,19839.0,59139.0,64600
Lamar University,49652.0,9400,30901.0,73800.0,89300
Lamar State College-Orange,36587.0,4400,17889.0,58709.0,66500
Lamar State College-Port Arthur,37120.0,5200,17720.0,56679.0,65400
Laredo College,33934.0,8700,18092.0,52325.0,64900
Texas A & M International University,48386.0,14400,29365.0,65061.0,72500
Lee College,42178.0,4800,20885.0,68467.0,70800
LeTourneau University,57103.0,15600,37115.0,86554.0,104300
Lincoln College of Technology-Grand Prairie,46396.0,6300,25586.0,66729.0,57900
Lubbock Christian University,53787.0,8300,34949.0,81706.0,76300
College of the Mainland,39639.0,6000,19771.0,63360.0,68000
University of Mary Hardin-Baylor,56132.0,11600,35989.0,78352.0,76400
McLennan Community College,39163.0,5500,21627.0,57390.0,62700
McMurry University,48779.0,10000,32535.0,70366.0,75400
Covenant School of Nursing and Allied Health,78724.0,19600,62987.0,99197.0,82600
Midland College,43958.0,7000,23400.0,70220.0,73200
Midwestern State University,55747.0,10600,37019.0,80113.0,73100
William Edge Institute,23040.0,PS,7254.0,37223.0,PS
Wade College,36657.0,5800,16529.0,56971.0,58200
Southern Careers Institute-Austin,27035.0,3800,13576.0,41191.0,39300
Tint School of Makeup & Cosmetology,26381.0,6200,13606.0,42782.0,33700
Navarro College,38716.0,7000,19764.0,57787.0,63400
Lone Star College System,42466.0,7300,21624.0,63661.0,69500
University of North Texas,57010.0,11700,36403.0,78812.0,79500
Northeast Texas Community College,37870.0,5300,19809.0,57001.0,63300
Ocean Corporation,53474.0,7000,24640.0,87368.0,111500
Odessa College,42026.0,6800,23302.0,68855.0,72500
Ogle School Hair Skin Nails-Arlington,31055.0,2500,15138.0,47736.0,47900
Ogle School Hair Skin Nails-Ft Worth,26885.0,3400,12682.0,43866.0,47000
Our Lady of the Lake University,48675.0,13100,30371.0,65309.0,69200
The University of Texas Rio Grande Valley,49620.0,11500,29401.0,66597.0,77700
Texas Southmost College,41900.0,9300,25319.0,62985.0,65600
Panola College,36072.0,5500,20649.0,59898.0,67300
Paris Junior College,36515.0,5100,18994.0,56749.0,60200
Paul Quinn College,29288.0,4900,12935.0,45883.0,53500
Prairie View A & M University,45411.0,7200,23973.0,65217.0,71600
Ranger College,35552.0,5400,19454.0,54947.0,56200
Rice University,89718.0,25700,62982.0,143920.0,161600
Saint Edward's University,58826.0,10000,39489.0,86574.0,89500
St Philip's College,38224.0,6900,20307.0,57875.0,63000
University of St Thomas,59224.0,15600,37152.0,82590.0,96800
Sam Houston State University,54211.0,11900,36263.0,73178.0,78900
San Antonio College,39711.0,6900,21270.0,60209.0,65100
San Jacinto Community College,43062.0,8200,22889.0,66232.0,75600
Schreiner University,52228.0,10000,34553.0,74165.0,69100
Seguin Beauty School-Seguin,21891.0,PS,8975.0,32354.0,PS
St. Mary's University,56955.0,17900,38690.0,79025.0,85300
South Plains College,41276.0,6400,23573.0,64334.0,64900
South Texas Vocational Technical Institute-Weslaco,31102.0,2400,15775.0,47146.0,44700
Miller-Motte College-STVT-McAllen,31102.0,2400,15775.0,47146.0,44700
Southern Methodist University,78354.0,14900,50337.0,121566.0,126200
Southwest School of Business and Technical Careers-San Antonio,24251.0,6100,12878.0,36706.0,35800
Southwest Texas College,35563.0,6800,18798.0,56440.0,58800
Nelson University,46238.0,6200,28464.0,63010.0,63500
Southwestern University,56878.0,13200,37176.0,86002.0,96300
Stephen F Austin State University,49634.0,12000,32573.0,67133.0,74100
Texas State University,56906.0,13500,38577.0,80902.0,82200
Southwestern Adventist University,52946.0,9300,32967.0,80092.0,79100
Southwestern Christian College,32672.0,5300,12755.0,45678.0,53700
Sul Ross State University,41871.0,11600,22884.0,58116.0,70400
Tarleton State University,53040.0,12800,35348.0,73166.0,78500
Tarrant County College District,42727.0,7700,22432.0,63452.0,69600
Temple College,38678.0,5800,20659.0,58799.0,65600
University of Texas Southwestern Medical Center,76860.0,35100,60673.0,93631.0,250000
The University of Texas Health Science Center at San Antonio,82206.0,32400,58134.0,108388.0,183900
The University of Texas Medical Branch at Galveston,92961.0,30200,67466.0,122608.0,104900
Texarkana College,34647.0,6500,18060.0,52200.0,55600
Texas A&M University-Kingsville,51450.0,9500,32330.0,68303.0,81200
Texas A&M University-College Station,72097.0,19600,48234.0,106337.0,110600
The University of Texas at Arlington,63199.0,13500,41572.0,91958.0,88100
The University of Texas at Austin,75121.0,16200,50527.0,116556.0,120000
The University of Texas at Dallas,68227.0,15500,44421.0,101340.0,102300
The University of Texas at El Paso,50923.0,11200,29422.0,70184.0,77900
The University of Texas at Tyler,57053.0,14800,36917.0,83095.0,87400
Texas Christian University,68424.0,14300,44497.0,98051.0,100100
Texas College,33752.0,4500,18016.0,52271.0,49700
University of North Texas Health Science Center,93615.0,PS,65977.0,159469.0,PS
Texas Lutheran University,53863.0,14300,35261.0,74010.0,86000
The University of Texas Permian Basin,56073.0,12200,37375.0,78631.0,82100
The University of Texas at San Antonio,57131.0,14000,37060.0,80771.0,81400
Texas Southern University,38924.0,6300,18610.0,59970.0,72500
Texas Tech University,62454.0,14900,41009.0,91778.0,96800
Texas Wesleyan University,54053.0,9600,31559.0,68156.0,67900
Texas Woman's University,56544.0,12000,35935.0,77086.0,83700
Trinity University,71668.0,15200,52586.0,107584.0,113200
The University of Texas Health Science Center at Houston,88757.0,30000,58915.0,115506.0,231700
Texas Tech University Health Sciences Center,92348.0,22900,66133.0,123034.0,117300
Tyler Junior College,38140.0,6700,21369.0,57247.0,66600
Universal Technical Institute of Texas Inc.,51222.0,11600,29872.0,74177.0,80300
UCAS University of Cosmetology Arts & Sciences-McAllen,19880.0,4300,10643.0,33980.0,36000
Vernon College,40464.0,5500,22354.0,63679.0,63300
Victoria Beauty & Barber College,18831.0,2100,8660.0,33256.0,45100
Victoria College,42382.0,8500,24621.0,66315.0,68500
Wayland Baptist University,51838.0,11300,33771.0,77809.0,78700
Weatherford College,42397.0,5200,22701.0,63919.0,67700
West Texas A & M University,50741.0,10900,34234.0,71388.0,78400
Western Texas College,42508.0,6000,23861.0,70808.0,78400
Wharton County Junior College,44960.0,10300,24767.0,67812.0,71700
Wiley University,33159.0,7200,17006.0,49586.0,54500
Bridgerland Technical College,38347.0,5300,18087.0,60588.0,61100
Brigham Young University,75790.0,7000,39894.0,119196.0,127300
Brigham Young University-Hawaii,52064.0,4600,25782.0,82636.0,87300
Collectiv Academy,29334.0,PS,7354.0,39869.0,PS
Davis Technical College,41734.0,4600,23706.0,62314.0,61600
Utah Tech University,44570.0,5400,22563.0,69999.0,76700
Paul Mitchell the School-Salt Lake City,26893.0,PS,12419.0,45453.0,PS
Eagle Gate College-Murray,37518.0,4600,20717.0,54175.0,58000
Ensign College,50630.0,3000,28995.0,80715.0,74400
Ogden-Weber Technical College,35032.0,3200,17896.0,52273.0,56300
Snow College,41022.0,4000,23314.0,64819.0,64500
Southern Utah University,50296.0,5700,26717.0,74170.0,78600
Uintah Basin Technical College,28178.0,PS,12021.0,47697.0,PS
Utah State University,54022.0,6300,28475.0,80715.0,88000
Utah Valley University,55486.0,6800,30185.0,86094.0,94600
Salt Lake Community College,47867.0,6600,26430.0,71663.0,77900
University of Utah,67170.0,10400,40587.0,99335.0,108700
Weber State University,56287.0,8400,33236.0,82915.0,88000
Westminster University,66215.0,11800,38860.0,95331.0,90700
Bennington College,38289.0,5000,19841.0,67910.0,55800
Champlain College,58386.0,12800,33909.0,89444.0,73000
Community College of Vermont,36234.0,4100,17441.0,56454.0,53500
Goddard College,25552.0,4200,9643.0,56207.0,61900
Middlebury College,76310.0,13900,48442.0,124474.0,165400
Norwich University,65575.0,11900,42747.0,86999.0,85200
Saint Michael's College,61317.0,16600,46033.0,81070.0,89500
Vermont State University,50331.0,15700,35188.0,74896.0,74600
University of Vermont,62472.0,12800,39819.0,91148.0,86800
Advanced Technology Institute,46342.0,8300,28345.0,64978.0,65300
Averett University,51516.0,13300,33532.0,75785.0,87000
Blue Ridge Community College,42644.0,7800,25141.0,60692.0,61900
Bluefield University,48896.0,12600,32976.0,72675.0,87100
Bridgewater College,53453.0,13500,39649.0,72917.0,82100
William & Mary,73490.0,18500,48980.0,112948.0,124900
Regent University,44498.0,PS,23248.0,69937.0,PS
Central Virginia Community College,36627.0,6600,20812.0,53563.0,55000
Christopher Newport University,60509.0,13600,41512.0,85473.0,77100
Bryant & Stratton College-Virginia Beach,32568.0,2600,15518.0,48170.0,46900
Mountain Gateway Community College,34293.0,5000,18395.0,52948.0,56300
Danville Community College,31664.0,8800,15892.0,47724.0,54600
Centura College-Virginia Beach,25930.0,4500,12508.0,39679.0,51000
Emory & Henry University,47385.0,16500,30905.0,68854.0,72300
Eastern Mennonite University,54869.0,12600,37199.0,79999.0,76000
Eastern Shore Community College,32418.0,5000,16066.0,48637.0,44200
Ferrum College,44296.0,9900,28441.0,59166.0,63000
George Mason University,76343.0,16300,47905.0,109864.0,107000
Germanna Community College,39644.0,6100,21503.0,63559.0,74400
Hampden-Sydney College,67640.0,14500,45237.0,102102.0,106000
Hampton University,59159.0,10600,36078.0,84402.0,85500
Hollins University,40075.0,9000,21153.0,57630.0,70600
J Sargeant Reynolds Community College,39529.0,7100,20381.0,58422.0,63300
James Madison University,69954.0,19500,48802.0,100257.0,102600
Brightpoint Community College,41223.0,8000,22526.0,61976.0,69400
Liberty University,44813.0,8000,24639.0,68020.0,77700
Longwood University,52347.0,16000,37953.0,66882.0,71000
Laurel Ridge Community College,41000.0,6300,23671.0,62528.0,68600
University of Lynchburg,56380.0,13800,38040.0,78352.0,83100
Centra College,60122.0,PS,34779.0,79560.0,PS
Mary Baldwin University,44427.0,10800,26390.0,57577.0,69000
University of Mary Washington,60613.0,15500,40127.0,88325.0,97700
Marymount University,67516.0,10700,42262.0,94804.0,97700
Sovah School of Health Professions,69924.0,PS,45717.0,92643.0,PS
Mountain Empire Community College,32622.0,4000,18506.0,47785.0,54900
American National University,26370.0,3800,12604.0,39586.0,42900
New River Community College,40025.0,5800,22670.0,58527.0,65000
Sentara College of Health Sciences,77821.0,9700,50130.0,93470.0,88700
Tidewater Tech-Trades,31657.0,PS,14476.0,51618.0,PS
Norfolk State University,44666.0,9700,25584.0,64690.0,67600
Northern Virginia Community College,53557.0,9100,29461.0,82798.0,89000
Old Dominion University,54914.0,13600,37373.0,80436.0,83800
Patrick & Henry Community College,33323.0,4200,17869.0,49534.0,48700
Paul D Camp Community College,36031.0,5500,20130.0,54676.0,49000
Southside College of Health Sciences,71380.0,8000,49293.0,86265.0,84300
Piedmont Virginia Community College,40752.0,5900,22904.0,60923.0,59400
Radford University,53739.0,16000,38051.0,77202.0,81500
Randolph-Macon College,58448.0,21000,40135.0,82908.0,84000
Randolph College,53409.0,12800,32764.0,78006.0,71100
Rappahannock Community College,36121.0,5400,20031.0,53166.0,55400
Fortis College-Norfolk,32754.0,3700,16296.0,47884.0,36800
Richard Bland College,41452.0,5100,25607.0,59656.0,61600
Bon Secours Memorial College of Nursing,77014.0,PS,50334.0,98178.0,PS
University of Richmond,76178.0,21100,50485.0,111727.0,131800
Riverside College of Health Careers,66072.0,PS,38476.0,90444.0,PS
Roanoke College,58047.0,15600,40380.0,81482.0,82500
Shenandoah University,58433.0,6900,38172.0,90361.0,87300
Southern Virginia University,50002.0,4000,27572.0,74656.0,73500
Southside Virginia Community College,32371.0,6100,17047.0,48129.0,48600
Southwest Virginia Community College,34221.0,4700,17453.0,50270.0,57100
Staunton School of Cosmetology,22660.0,PS,9988.0,41877.0,PS
Strayer University-Virginia,40092.0,11500,20698.0,62129.0,106500
Sweet Briar College,51943.0,9700,32164.0,75018.0,70500
Virginia Peninsula Community College,37996.0,6400,19221.0,57708.0,65200
Tidewater Community College,38349.0,6400,19562.0,58123.0,63400
University of Virginia's College at Wise,45325.0,14200,32165.0,64827.0,72000
Virginia Highlands Community College,32681.0,4800,18350.0,49153.0,50900
Virginia Polytechnic Institute and State University,81698.0,21100,53415.0,113356.0,105600
Virginia Western Community College,38787.0,7100,21582.0,56450.0,59900
Virginia Commonwealth University,58128.0,12100,37933.0,84890.0,86100
University of Virginia-Main Campus,86863.0,21600,59194.0,130294.0,126500
Virginia Military Institute,77369.0,15800,52604.0,90374.0,97800
Asher Institute of Hampton,18710.0,1800,8179.0,36735.0,41400
Virginia State University,45543.0,8400,27137.0,65094.0,68900
Virginia Union University,38275.0,7000,22194.0,53574.0,59000
Virginia Wesleyan University,50074.0,7700,32037.0,72086.0,74700
Washington and Lee University,94810.0,29200,64147.0,141033.0,164000
Wytheville Community College,34303.0,5300,18495.0,51565.0,55900
Bellevue College,56310.0,8400,31012.0,85912.0,88300
Bellingham Technical College,49748.0,7400,26978.0,76338.0,74000
Big Bend Community College,43814.0,6800,25142.0,62776.0,65900
Central Washington University,61580.0,12800,38275.0,84664.0,83000
Centralia College,43140.0,4200,23949.0,66160.0,60800
City University of Seattle,69460.0,12000,45546.0,96256.0,99500
Paul Mitchell the School-Richland,27407.0,PS,11560.0,46712.0,PS
Clark College,42356.0,4800,21977.0,64676.0,73600
Clover Park Technical College,41787.0,4900,20959.0,64109.0,67100
Columbia Basin College,46680.0,6700,26950.0,68836.0,69600
Cornish College of the Arts,33696.0,6200,17015.0,57635.0,62400
Divers Institute of Technology,62489.0,9800,34027.0,90909.0,113100
Eastern Washington University,57897.0,10700,36589.0,80559.0,77100
Edmonds College,48144.0,6600,24529.0,75159.0,80300
Everett Community College,45434.0,4900,23181.0,69962.0,71500
The Evergreen State College,45320.0,5500,24244.0,66437.0,63700
Pierce College District,47532.0,6700,24229.0,69916.0,69100
Glen Dow Academy of Hair Design,22925.0,PS,9450.0,39780.0,PS
Gonzaga University,78892.0,17600,53874.0,111646.0,99900
Grays Harbor College,40865.0,3600,21698.0,62351.0,57900
Green River College,50712.0,6000,27350.0,74696.0,73700
Toni & Guy Hairdressing Academy-Shoreline,29827.0,PS,11084.0,46572.0,PS
Heritage University,49416.0,5900,30073.0,70156.0,59200
Highline College,47869.0,7000,24244.0,72619.0,74500
International Air and Hospitality Academy,52574.0,3700,28414.0,83120.0,51600
Bastyr University,49364.0,4000,21033.0,72433.0,70800
Bates Technical College,50051.0,5700,25564.0,78795.0,73500
Lake Washington Institute of Technology,50669.0,8400,29799.0,77203.0,79100
Lower Columbia College,40691.0,4200,20718.0,66460.0,71400
BJ's Beauty & Barber College,23216.0,PS,12099.0,41643.0,PS
North Seattle College,47728.0,4600,23587.0,73802.0,82100
Northwest University,54914.0,7200,31694.0,83872.0,78300
Olympic College,43169.0,5100,22597.0,67162.0,69100
Perry Technical Institute,57764.0,15300,37797.0,91347.0,98100
Pacific Lutheran University,66990.0,13700,44167.0,88955.0,84400
Peninsula College,37078.0,4000,18615.0,56889.0,64200
University of Puget Sound,69594.0,12000,43124.0,102646.0,97400
Renton Technical College,49782.0,6100,27780.0,75295.0,66900
Saint Martin's University,62092.0,15000,38810.0,85700.0,87600
South Seattle College,44486.0,7400,24003.0,69934.0,67800
Seattle Central College,43307.0,4800,19783.0,68743.0,64700
Seattle Pacific University,64506.0,10200,39567.0,97253.0,90100
Seattle University,75272.0,16300,49222.0,107987.0,99800
Shoreline Community College,52009.0,8400,27196.0,80203.0,81100
Skagit Valley College,43505.0,4800,25551.0,67145.0,67000
South Puget Sound Community College,45039.0,4900,26123.0,66925.0,67000
Spokane Community College,41984.0,6200,22366.0,63570.0,69100
Spokane Falls Community College,38955.0,4700,20150.0,58767.0,61600
Stylemaster College of Hair Design,20580.0,PS,10548.0,35737.0,PS
Tacoma Community College,47168.0,5800,25111.0,71927.0,72700
Walla Walla Community College,43526.0,6900,24760.0,67809.0,66600
Walla Walla University,61885.0,10800,37548.0,88335.0,88400
Washington State University,68905.0,12800,43186.0,97582.0,93000
University of Washington-Seattle Campus,78466.0,16200,50171.0,115782.0,110400
Wenatchee Valley College,41127.0,6500,23153.0,62684.0,68900
Western Washington University,62569.0,11300,39304.0,86564.0,82400
Whatcom Community College,44092.0,5600,24360.0,69902.0,65300
Whitman College,67589.0,13800,44195.0,101439.0,94400
Whitworth University,58561.0,9500,38934.0,80121.0,81600
Yakima Valley College,43499.0,5900,26550.0,63476.0,65300
Appalachian Bible College,37467.0,4900,20722.0,57713.0,66100
Ben Franklin Career Center,37962.0,PS,26472.0,55046.0,PS
Bethany College,44512.0,12400,24862.0,65576.0,81200
Bluefield State University,38217.0,5800,18934.0,61745.0,63200
Cabell County Career Technology Center,33975.0,PS,12698.0,52566.0,PS
Charleston School of Beauty Culture,17827.0,PS,7741.0,30400.0,PS
University of Charleston,55774.0,11200,34245.0,83868.0,71500
Clarksburg Beauty Academy and School of Massage Therapy,16306.0,2600,9791.0,26734.0,40200
Concord University,42703.0,8300,26282.0,57358.0,64100
Davis & Elkins College,43411.0,7500,27027.0,63017.0,69700
Fairmont State University,46857.0,8400,28411.0,69615.0,70100
Glenville State University,39315.0,5400,22225.0,56900.0,66700
Huntington Junior College,21783.0,2900,8953.0,35442.0,38300
James Rumsey Technical Institute,45133.0,PS,28462.0,62347.0,PS
Ralph R Willis Career and Technical Center,51465.0,PS,26864.0,67815.0,PS
Marshall University,46354.0,8800,29123.0,68397.0,70800
Mercer County Technical Education Center,33511.0,PS,22721.0,45064.0,PS
Monongalia County Technical Education Center,40499.0,PS,22880.0,70295.0,PS
Morgantown Beauty College Inc,22230.0,PS,11485.0,39710.0,PS
West Virginia University at Parkersburg,35171.0,6700,18143.0,55301.0,61300
Potomac State College of West Virginia University,55939.0,13300,35542.0,84067.0,93600
Academy of Careers and Technology,32756.0,PS,19721.0,48367.0,PS
Salem University,34642.0,3900,17082.0,55885.0,66600
Shepherd University,49358.0,10500,29776.0,72112.0,70300
Southern West Virginia Community and Technical College,32153.0,4800,16783.0,48892.0,63100
Fred W Eberle Technical Center,43364.0,PS,27877.0,63915.0,PS
West Virginia State University,40492.0,5700,24235.0,56182.0,60800
West Virginia University Hospital Departments of Rad Tech and Nutrition,69666.0,PS,52489.0,79783.0,PS
West Liberty University,43296.0,9000,28311.0,61253.0,68400
West Virginia University Institute of Technology,55939.0,13300,35542.0,84067.0,93600
West Virginia Wesleyan College,51593.0,17000,35845.0,76753.0,84200
West Virginia Junior College-Charleston,27472.0,2700,13755.0,38572.0,44600
West Virginia Junior College-Morgantown,31912.0,4800,17949.0,46876.0,45500
International Beauty School 4,18906.0,PS,7022.0,38990.0,PS
West Virginia Northern Community College,30162.0,4600,15886.0,48309.0,55200
West Virginia University,55939.0,13300,35542.0,84067.0,93600
Wheeling University,57949.0,14100,39537.0,86644.0,85200
Wood County Technical Center-Practical Nursing,40547.0,PS,26529.0,50438.0,PS
VICI Beauty School,32393.0,4300,17563.0,46406.0,46000
Alverno College,53145.0,8900,33402.0,76239.0,75100
Madison Area Technical College,45413.0,7600,28299.0,64938.0,63800
Bellin College,76222.0,PS,56301.0,96731.0,PS
Beloit College,53260.0,10000,34613.0,73974.0,69500
Blackhawk Technical College,41620.0,8000,24705.0,58856.0,65200
Carroll University,58009.0,13800,41980.0,79764.0,75100
Carthage College,56950.0,13600,40368.0,80915.0,78200
Concordia University-Wisconsin,56075.0,11500,37673.0,78409.0,78200
Edgewood College,59728.0,10900,40198.0,84290.0,76500
Fox Valley Technical College,45684.0,8800,29194.0,64374.0,64300
Gateway Technical College,40264.0,5000,20515.0,59365.0,65100
The Professional Hair Design Academy,29587.0,PS,12301.0,42176.0,PS
Lakeland University,55961.0,11100,39063.0,76612.0,72000
Lakeshore Technical College,47113.0,8700,30444.0,64254.0,62400
Lawrence University,55789.0,13700,37114.0,83652.0,81600
Maranatha Baptist University,45593.0,5100,27983.0,67603.0,68100
Marian University,53501.0,11100,35359.0,74849.0,73100
Marquette University,78257.0,23600,54671.0,105538.0,106000
Mid-State Technical College,42253.0,5800,25177.0,61295.0,64200
Milwaukee Area Technical College,41113.0,6900,22309.0,60024.0,61000
Milwaukee Institute of Art & Design,41174.0,7700,22588.0,62110.0,66200
Milwaukee School of Engineering,89070.0,22600,66120.0,109311.0,103000
Moraine Park Technical College,44371.0,6600,28028.0,62297.0,64600
Mount Mary University,48745.0,9000,32376.0,66929.0,68600
Nicolet Area Technical College,38643.0,7100,22563.0,56894.0,56300
Northcentral Technical College,44925.0,10300,28112.0,61526.0,60700
Northeast Wisconsin Technical College,44553.0,11000,28104.0,61105.0,61000
Northland College,44560.0,7600,32956.0,57708.0,59900
Ripon College,54902.0,19500,40128.0,75166.0,75500
Saint Norbert College,58363.0,13900,43919.0,82286.0,80600
State College of Beauty Culture,28037.0,PS,14349.0,38030.0,PS
Southwest Wisconsin Technical College,43470.0,7900,27001.0,60847.0,61000
Viterbo University,55660.0,13200,38772.0,77048.0,76600
Chippewa Valley Technical College,46297.0,9200,30302.0,66156.0,65700
Waukesha County Technical College,46894.0,10100,28690.0,65945.0,66700
Western Technical College,45303.0,7500,29444.0,63035.0,59900
University of Wisconsin-Whitewater,55356.0,13900,40426.0,75834.0,74300
Northwood Technical College,43406.0,7000,26849.0,63786.0,65500
University of Wisconsin-Eau Claire,58561.0,16500,43086.0,79920.0,78500
University of Wisconsin-Green Bay,52528.0,14900,38607.0,73130.0,67800
University of Wisconsin-La Crosse,60378.0,17100,44880.0,81523.0,80000
Wisconsin Lutheran College,54664.0,11400,37791.0,74006.0,63000
University of Wisconsin-Oshkosh,55548.0,14200,40222.0,76239.0,70200
University of Wisconsin-Parkside,51129.0,10800,33245.0,72867.0,70500
Herzing University-Madison,36909.0,12300,19077.0,56514.0,77200
University of Wisconsin-Stout,58084.0,14100,40531.0,80699.0,77500
University of Wisconsin-Superior,49606.0,8900,34128.0,67440.0,64800
University of Wisconsin-Madison,73792.0,19100,52171.0,108161.0,104600
University of Wisconsin-Milwaukee,54990.0,12600,36406.0,76601.0,74700
University of Wisconsin-Platteville,61760.0,16600,43703.0,83326.0,80600
University of Wisconsin-River Falls,54458.0,13100,38018.0,72674.0,72100
University of Wisconsin-Stevens Point,52021.0,13300,37608.0,69056.0,65700
Casper College,40935.0,4500,21340.0,63486.0,78000
Central Wyoming College,34402.0,4400,17164.0,50531.0,68200
Eastern Wyoming College,37121.0,3200,20079.0,56999.0,65300
Laramie County Community College,44783.0,4500,25120.0,66601.0,67100
Northwest College,36950.0,4800,20437.0,56831.0,69300
Northern Wyoming Community College District,40477.0,5900,21848.0,62454.0,75300
Western Wyoming Community College,40939.0,5300,22228.0,63841.0,77000
Cheeks Beauty Academy,25459.0,1600,11374.0,37998.0,35500
WyoTech,50167.0,12000,30127.0,71565.0,77700
University of Wyoming,56880.0,11300,37256.0,80898.0,90700
American Samoa Community College,30087.0,4400,14737.0,43727.0,42600
Guam Community College,27820.0,5400,14361.0,41140.0,46400
University of Guam,35946.0,10000,20340.0,50179.0,57700
Northern Marianas College,27836.0,2200,13085.0,43101.0,41300
Institute of Beauty Careers,17713.0,1700,7880.0,30492.0,32100
American Educational College,17172.0,3300,8100.0,30724.0,32800
Antilles School of Technical Careers,21766.0,3100,10423.0,33855.0,36500
Universidad Adventista de las Antillas,28465.0,3300,14084.0,46781.0,52400
Atlantic University,25272.0,3200,13885.0,38594.0,39500
Universidad Central de Bayamon,25021.0,3100,13728.0,37912.0,38100
Columbia Central University-Caguas,23134.0,4300,12951.0,36802.0,43600
Albizu University-San Juan,41544.0,5500,20474.0,60492.0,53500
Caribbean University-Bayamon,22842.0,2900,12390.0,38346.0,40700
Caribbean University-Carolina,22842.0,2900,12390.0,38346.0,40700
Pontifical Catholic University of Puerto Rico-Arecibo,24908.0,3500,13683.0,40900.0,40700
Pontifical Catholic University of Puerto Rico-Ponce,24908.0,3500,13683.0,40900.0,40700
CEM College-San Juan,21033.0,3200,10682.0,33554.0,35400
Universidad Teologica del Caribe,23536.0,PS,12813.0,34310.0,PS
Colegio Universitario de San Juan,26510.0,5800,14638.0,41946.0,49300
Universidad Ana G. Mendez-Cupey Campus,24490.0,3700,13268.0,39515.0,43100
Puerto Rico Conservatory of Music,19474.0,PS,8306.0,33221.0,PS
EDP University of Puerto Rico Inc-San Sebastian,22844.0,3600,11249.0,39209.0,39200
Emma's Beauty Academy-Mayaguez,14827.0,1700,5591.0,27675.0,25100
Escuela de Artes Plasticas y Diseno de Puerto Rico,21790.0,PS,8867.0,38269.0,PS
Instituto Tecnologico de Puerto Rico-Recinto de Manati,26293.0,4700,14236.0,40523.0,44000
Huertas College,22927.0,3300,13298.0,36228.0,39300
Humacao Community College,20064.0,2100,11059.0,31495.0,35200
ICPR Junior College-Arecibo,18694.0,2500,9423.0,32262.0,34300
ICPR Junior College-Mayaguez,18694.0,2500,9423.0,32262.0,34300
Instituto Tecnologico de Puerto Rico-Recinto de Guayama,26293.0,4700,14236.0,40523.0,44000
Instituto Tecnologico de Puerto Rico-Recinto de San Juan,26293.0,4700,14236.0,40523.0,44000
Liceo de Arte y Tecnologia,26733.0,3400,14227.0,44351.0,45500
Modern Hairstyling Institute-Bayamon,17105.0,1600,7331.0,29646.0,32400
Modern Hairstyling Institute-Arecibo,15266.0,PS,8092.0,26753.0,PS
NUC University,24785.0,3500,12983.0,39344.0,35700
University of Puerto Rico-Medical Sciences,45953.0,PS,25893.0,74500.0,PS
University of Puerto Rico-Rio Piedras,35723.0,PS,20985.0,57886.0,PS
Universidad Ana G. Mendez-Carolina Campus,24328.0,3800,12674.0,38614.0,41300
Universidad del Sagrado Corazon,31754.0,3300,14939.0,54237.0,46100
Universidad Central Del Caribe,31468.0,PS,18921.0,46448.0,PS
Universidad Politecnica de Puerto Rico,47540.0,4600,25266.0,69091.0,61600
Pontifical Catholic University of Puerto Rico-Mayaguez,24908.0,3500,13683.0,40900.0,40700
Universidad Ana G. Mendez-Gurabo Campus,26223.0,3500,14676.0,42305.0,41900
College of Micronesia-FSM,24651.0,3100,14199.0,40756.0,31900
Palau Community College,29898.0,6600,14647.0,48546.0,38300
University of the Virgin Islands,38681.0,11000,23467.0,56467.0,59300
Stanford University,124080.0,22500,73321.0,219740.0,232800
Purdue University-Main Campus,72424.0,17700,47140.0,103038.0,103200
Parker University,42091.0,PS,23643.0,73294.0,PS
EDP University of Puerto Rico Inc-San Juan,22844.0,3600,11249.0,39209.0,39200
ICPR Junior College,18694.0,2500,9423.0,32262.0,34300
City College-Hollywood,34938.0,5400,17898.0,53455.0,55500
Meridian College,33735.0,PS,15967.0,45724.0,PS
Georgia State University-Perimeter College,47384.0,10200,24994.0,72355.0,81800
Georgia Piedmont Technical College,34619.0,6200,17125.0,53298.0,53800
ETI School of Skilled Trades,52800.0,7600,32772.0,77147.0,80400
Warren County Community College,43359.0,8300,22704.0,63708.0,70200
St. John's College,44985.0,6600,22437.0,69716.0,72400
Antioch University-Los Angeles,51541.0,6100,29595.0,76285.0,74000
Antioch University-Santa Barbara,51541.0,6100,29595.0,76285.0,74000
Antioch University-New England,51541.0,6100,29595.0,76285.0,74000
Antioch University-Seattle,51541.0,6100,29595.0,76285.0,74000
Antioch University,51541.0,6100,29595.0,76285.0,74000
Mid-America Christian University,46116.0,13100,24194.0,68732.0,84300
Miller-Motte College-Tulsa,31102.0,2400,15775.0,47146.0,44700
Francis Tuttle Technology Center,32996.0,3900,14079.0,50680.0,67600
Central Technology Center,36351.0,4300,22685.0,58342.0,54100
Carrington College-Portland,36625.0,4300,18711.0,53355.0,50100
Career Technology Center of Lackawanna County,45555.0,PS,32099.0,57893.0,PS
Palo Alto College,37448.0,7400,21915.0,54989.0,57900
UCAS University of Cosmetology Arts & Sciences-San Antonio 410,24450.0,3600,8288.0,37390.0,44800
Central Texas Beauty College-Round Rock,23338.0,2800,11450.0,41321.0,40700
Athens Technical College,35951.0,6200,19921.0,54454.0,53100
GateWay Community College-Central City,46147.0,5600,24066.0,70735.0,71800
Carrington College-San Leandro Campus,39633.0,4100,18725.0,60075.0,55800
Headmasters School of Hair Design,17707.0,PS,11221.0,38492.0,PS
The Salon Professional Academy-Nampa,18095.0,PS,9088.0,37547.0,PS
Beckfield College-Florence,37114.0,5100,20542.0,55202.0,59400
Dorsey College-Wayne,29392.0,4500,13351.0,42074.0,45100
Ross Medical Education Center-Saginaw,30060.0,3000,16686.0,39692.0,38000
Sussex County Community College,44664.0,5300,24917.0,67845.0,69500
Landmark College,29813.0,3200,13157.0,51289.0,57200
Collin County Community College District,48701.0,7500,26534.0,72591.0,75100
Owensboro Community and Technical College,35798.0,4500,18751.0,55436.0,56800
Cloyd's Beauty School 3 Inc,15105.0,PS,5102.0,30047.0,PS
Moore Norman Technology Center,34000.0,5600,17297.0,53874.0,55500
Fayette County Career & Technical Institute Practical Nursing Program,49229.0,PS,32382.0,65772.0,PS
Franklin County Career and Technology Center,54747.0,PS,34784.0,68149.0,PS
Paul Mitchell the School-Knoxville,26260.0,PS,14203.0,37173.0,PS
Ogle School Hair Skin Nails-Hurst,31488.0,2700,14608.0,46150.0,46900
Tennessee College of Applied Technology Nashville,38955.0,3600,18259.0,58200.0,56400
ECPI University,42837.0,9100,25868.0,64290.0,74100
Ms Roberts Academy of Beauty Culture,24535.0,PS,8237.0,39657.0,PS
Paul Mitchell the School-Houston,27384.0,PS,12668.0,48523.0,PS
Fortis Institute-Forty Fort,30224.0,2500,15606.0,44607.0,47700
Laurel Business Institute,30819.0,2700,15219.0,45806.0,47200
Aviation Institute of Maintenance-Philadelphia,42785.0,6300,16089.0,69825.0,79200
Dorsey College-Roseville,29392.0,4500,13351.0,42074.0,45100
Moler-Pickens Beauty Academy,22137.0,PS,10530.0,36076.0,PS
Red River Technology Center,31415.0,2700,13425.0,48615.0,50300
Southern Union State Community College,36597.0,7100,20430.0,56788.0,63100
South University-Columbia,34421.0,7100,17463.0,53014.0,67200
Clinton Technical School,53451.0,PS,39196.0,63849.0,PS
Greene County Career and Technology Center,34231.0,PS,18474.0,53036.0,PS
Lac Courte Oreilles Ojibwe University,24302.0,2500,7798.0,41138.0,41900
Pima Medical Institute-Mesa,38673.0,4300,21337.0,55482.0,53300
Platt College-Los Angeles,40669.0,3300,22121.0,61116.0,65500
Platt College-Aurora,77602.0,6200,54466.0,98652.0,66400
Paul Mitchell the School-Boise,25719.0,1400,10837.0,42369.0,36300
Educators of Beauty College of Cosmetology-Rockford,21463.0,1800,11218.0,36403.0,39400
Northwestern College,37871.0,7200,17775.0,54687.0,60600
Douglas J Aveda Institute,26849.0,PS,12573.0,46656.0,PS
Ross Medical Education Center-Brighton,29898.0,4500,14990.0,42422.0,39500
Ross Medical Education Center-Ann Arbor,29898.0,4500,14990.0,42422.0,39500
Dorsey School of Beauty,13256.0,PS,8904.0,43889.0,PS
Pike-Lincoln Technical Center,48581.0,PS,32081.0,65254.0,PS
St Charles Community College,42422.0,6800,26402.0,62357.0,63200
Conservatory of Recording Arts and Sciences,37429.0,6600,18641.0,57440.0,72300
Adrian's Beauty College of Turlock,18199.0,PS,7261.0,36753.0,PS
San Joaquin Valley College-Fresno,38317.0,5400,19423.0,60326.0,61500
Aveda Institute-Fort Myers,24057.0,PS,12887.0,38865.0,PS
Ross Medical Education Center-Port Huron,30060.0,3000,16686.0,39692.0,38000
Raphael's School of Beauty Culture Inc-Alliance,17650.0,PS,9798.0,34803.0,PS
Metro Technology Centers,38830.0,5900,19318.0,66216.0,57000
Luna Community College,32461.0,3600,16329.0,49406.0,62800
Grabber School of Hair Design,27109.0,PS,13211.0,45931.0,PS
Raphael's School of Beauty Culture Inc-Brunswick,21307.0,PS,11379.0,34855.0,PS
Caribbean University-Ponce,22842.0,2900,12390.0,38346.0,40700
Caribbean University-Vega Baja,22842.0,2900,12390.0,38346.0,40700
University of Advancing Technology,50719.0,8700,33290.0,87683.0,96500
Paradise Valley Community College,47196.0,6700,26178.0,71604.0,69200
Chandler-Gilbert Community College,51111.0,8500,30948.0,76663.0,82900
Great Plains Technology Center,42376.0,5700,22549.0,65028.0,62500
Pioneer Technology Center,29841.0,4000,15851.0,46632.0,44800
Portage Lakes Career Center,38316.0,PS,23346.0,53364.0,PS
Bell Mar Beauty College,26222.0,PS,11884.0,46625.0,PS
Caddo Kiowa Technology Center,21576.0,1000,7865.0,36946.0,50700
International School of Skin Nailcare & Massage Therapy,25452.0,4000,11648.0,48336.0,54600
Palomar Institute of Cosmetology,23451.0,3700,9479.0,39127.0,47800
Southern Oklahoma Technology Center,29012.0,PS,10918.0,49663.0,PS
Autry Technology Center,40389.0,PS,26329.0,60345.0,PS
Greene County Career Center,41796.0,PS,18188.0,60139.0,PS
Canadian Valley Technology Center,31355.0,7900,16369.0,51689.0,60000
Wilkes-Barre Area Career and Technical Center Practical Nursing,48705.0,PS,33966.0,65398.0,PS
Meridian Technology Center,34451.0,2000,17605.0,52862.0,53600
Waynesville Career Center,40979.0,PS,15801.0,55911.0,PS
Capitol Beauty School,31349.0,3500,13923.0,46608.0,53000
Ross Medical Education Center-Roosevelt Park,30060.0,3000,16686.0,39692.0,38000
Ross Medical Education Center-Kentwood,30072.0,4400,15686.0,40983.0,40000
Cloyd's Barber School 2 Inc,23220.0,PS,10871.0,39855.0,PS
Universal Technical Institute of Illinois Inc,52873.0,12500,33274.0,74276.0,78900
Pennsylvania College of Technology,52567.0,11200,33752.0,76561.0,74500
Commonwealth Institute of Funeral Service,37786.0,PS,22222.0,61258.0,PS
Delta College of Arts & Technology,34222.0,4900,21768.0,51212.0,48400
Suffolk County Community College,49907.0,7300,28669.0,74682.0,80600
Las Positas College,51088.0,3500,22300.0,81590.0,80800
Ogeechee Technical College,31248.0,5300,16362.0,48302.0,46300
Remington College-Mobile Campus,31349.0,5600,16051.0,44946.0,56900
Southern Technical College,36155.0,4800,21541.0,53344.0,57900
Mercer County Career Center,49088.0,PS,31770.0,56308.0,PS
California State University-San Marcos,62908.0,9800,37472.0,87350.0,86600
Hairmasters Institute of Cosmetology,19594.0,3500,7761.0,32613.0,44800
Tricoci University of Beauty Culture LLC-Bloomington,27925.0,PS,9661.0,37085.0,PS
Interactive College of Technology-Newport,27065.0,5200,13374.0,45748.0,50800
Miller-Motte College-McCann-Monroe,31102.0,2400,15775.0,47146.0,44700
Ross Medical Education Center-Taylor,30481.0,4700,15370.0,42929.0,39900
Interactive College of Technology,27182.0,6200,12690.0,45031.0,52700
Butler Beauty Academy-New Castle Beauty Academy,23003.0,3600,8124.0,34380.0,31500
NorthWest Arkansas Community College,43505.0,6600,24662.0,63932.0,66800
H W Brewster Technical College,27053.0,4400,11415.0,45483.0,37300
Hodges University,37052.0,8400,19688.0,55729.0,78900
Capital Area Career Center,55357.0,9000,37748.0,73036.0,54700
Hair Professionals Career College,23417.0,PS,9465.0,46027.0,PS
Empire Beauty School-Bloomfield,23925.0,2800,10394.0,40316.0,34700
Southwest Technology Center,48966.0,PS,22864.0,70900.0,PS
Western Area Career & Technology Center,43189.0,PS,24548.0,60712.0,PS
Nossi College of Art and Design,35113.0,4100,16555.0,49258.0,51700
Pima Medical Institute-Seattle,38673.0,4300,21337.0,55482.0,53300
Mineral County Vocational Technical Center,46022.0,PS,27505.0,50156.0,PS
Hypnosis Motivation Institute,24244.0,1900,11075.0,55747.0,78600
Thanh Le College School of Cosmetology,13265.0,PS,5706.0,29241.0,PS
Southeastern Technical College,30329.0,4900,16321.0,45499.0,44600
Universal Technical Institute-Orlando,48341.0,7100,29394.0,68153.0,64200
Erwin Technical College,37966.0,4700,19256.0,58161.0,57200
Rosel School of Cosmetology,19819.0,PS,13998.0,34542.0,PS
Worsham College of Mortuary Science,61574.0,PS,34442.0,80253.0,PS
Bryan University,28725.0,2900,14422.0,42496.0,51700
Central Pennsylvania Institute of Science and Technology,41677.0,PS,26284.0,54472.0,PS
Northwest Educational Center,25442.0,6600,11908.0,40580.0,44700
PCI Health Training Center,34096.0,5400,19045.0,46120.0,42200
Fortis College,26652.0,4900,13943.0,39298.0,40300
CRU Institute of Cosmetology and Barbering,20125.0,PS,11009.0,44346.0,PS
Modern Technology School,50667.0,7000,30083.0,74914.0,89200
National Career Education,38015.0,4600,17914.0,62402.0,71900
North-West College-Glendale,37542.0,4700,16531.0,57455.0,50500
Fremont University,39003.0,4200,17035.0,59470.0,69900
Pomona Unified School District Adult and Career Education,34849.0,3000,14678.0,52169.0,50700
Universal College of Beauty Inc-Los Angeles 2,17821.0,PS,4848.0,39361.0,PS
IBMC College,34432.0,4400,15764.0,46240.0,49500
Avalon Institute-Aurora,24367.0,3100,12085.0,43324.0,49100
Academy of Cosmetology,20144.0,PS,6992.0,40139.0,PS
Fortis College-Smyrna,36368.0,6400,19282.0,51976.0,48600
Ross College-Davenport,29898.0,4500,14990.0,42422.0,39500
Pivot Point Academy,30453.0,3900,13392.0,46685.0,53500
All-State Career-Baltimore,33193.0,6800,15842.0,50176.0,61800
Academy of Hair Design-Jackson,22284.0,2100,12923.0,35079.0,32400
Lincoln Technical Institute-Moorestown,31914.0,6600,14470.0,49461.0,74800
MCVSD,45062.0,4600,21671.0,70242.0,72800
Yeshiva Gedolah Imrei Yosef D'spinka,36545.0,7100,19469.0,66749.0,39700
Knox County Career Center,38212.0,2300,23576.0,52314.0,46000
Madison Adult Career Center,30941.0,PS,18555.0,44576.0,PS
Remington College-Cleveland Campus,31349.0,5600,16051.0,44946.0,56900
Chisholm Trail Technology Center,27170.0,PS,14847.0,43620.0,PS
Gordon Cooper Technology Center,42021.0,5100,16976.0,67203.0,59400
Kiamichi Technology Center-McAlester,31625.0,4400,15553.0,49720.0,49600
YTI Career Institute-Altoona,30188.0,6200,16452.0,41048.0,54700
Eastern Center for Arts and Technology,56446.0,PS,34387.0,71533.0,PS
Empire Beauty School-Center City Philadelphia,22377.0,2200,9788.0,38570.0,38600
CEM College-Humacao,21033.0,3200,10682.0,33554.0,35400
Colegio Mayor de Tecnologia Inc,24591.0,1200,12611.0,43778.0,33800
Institucion Chaviano de Mayaguez,12635.0,PS,3647.0,22573.0,PS
Liceo de Arte-Dise-O y Comercio,15501.0,1800,6042.0,27273.0,25900
Universal Technology College of Puerto Rico,19878.0,3100,10938.0,34294.0,37100
Academy of Hair Technology,22893.0,PS,9958.0,38363.0,PS
Queen City College,26401.0,PS,12611.0,42493.0,PS
Remington College-Fort Worth Campus,31349.0,5600,16051.0,44946.0,56900
UCAS University of Cosmetology Arts & Sciences,13862.0,PS,4407.0,27982.0,PS
School of Automotive Machinists & Technology,57529.0,PS,38308.0,77342.0,PS
Nuvani Institute,19484.0,PS,11020.0,32942.0,PS
Nuvani Institute,22354.0,PS,9907.0,36608.0,PS
Texas College of Cosmetology-Abilene,21685.0,PS,10345.0,36078.0,PS
Centura College-Newport News,25930.0,4500,12508.0,39679.0,51000
Centura College-Norfolk,25930.0,4500,12508.0,39679.0,51000
Northwest College of Art & Design,31167.0,PS,10385.0,46798.0,PS
University of Washington-Bothell Campus,78466.0,16200,50171.0,115782.0,110400
University of Washington-Tacoma Campus,78466.0,16200,50171.0,115782.0,110400
Huntington School of Beauty Culture,24794.0,1400,11719.0,37156.0,30900
Valley College-Beckley,24070.0,2600,14412.0,36066.0,48900
Valley College-Martinsburg,24900.0,PS,11892.0,37503.0,PS
Bellus Academy-Poway,25223.0,3300,9302.0,45871.0,62000
Capstone College,35348.0,5300,19971.0,56416.0,48500
Central Coast College,40823.0,5700,26158.0,56676.0,57400
Pacific College of Health and Science,26209.0,PS,12069.0,53313.0,PS
Artistic Nails and Beauty Academy-Tampa,20948.0,PS,10502.0,37773.0,PS
National Aviation Academy of Tampa Bay,59029.0,10200,33214.0,89097.0,90000
College of Health Care Professions,33070.0,8100,17182.0,48092.0,54500
Center for Advanced Legal Studies,56561.0,4600,31425.0,76899.0,66600
Houston Training School-Main Campus,18991.0,5100,10248.0,33649.0,38600
Bay Mills Community College,30048.0,2400,15081.0,45074.0,49400
Fond du Lac Tribal and Community College,45665.0,3900,22415.0,65727.0,58200
Northwest Indian College,35447.0,2900,19512.0,49666.0,55000
Provo College,39645.0,3300,20033.0,60287.0,54200
CET-Coachella,32986.0,4100,14618.0,53343.0,45700
CET-Oxnard,32986.0,4100,14618.0,53343.0,45700
CET-Santa Maria,32986.0,4100,14618.0,53343.0,45700
Michigan College of Beauty-Troy,22058.0,2200,9748.0,42903.0,41500
Ogle School Hair Skin Nails-Dallas,26885.0,3400,12682.0,43866.0,47000
Faust Institute of Cosmetology-Spirit Lake,23784.0,PS,19411.0,36711.0,PS
Cheeks Beauty Academy,25459.0,1600,11374.0,37998.0,35500
Colorado School of Healing Arts,33444.0,PS,15440.0,53452.0,PS
Mt. Diablo Adult Education-Mt. Diablo USD,40175.0,PS,19693.0,62858.0,PS
Genesis Career College-Lebanon,24977.0,PS,12189.0,38489.0,PS
Southwest College for the Deaf,38382.0,5700,20950.0,57845.0,64300
Fortis College-Richmond,32754.0,3700,16296.0,47884.0,36800
Midwest College of Oriental Medicine-Racine,44136.0,PS,16563.0,72706.0,PS
Hacienda La Puente Adult Education,39271.0,4800,22295.0,67977.0,57900
La Belle Beauty Academy,16212.0,2500,9363.0,28238.0,30600
Hawaii Community College,34891.0,5000,17946.0,52305.0,60500
Robert Fiance Beauty Schools-North Plainfield,24509.0,PS,11399.0,40708.0,PS
Long Island Beauty School-Hauppauge,26900.0,2600,13494.0,43600.0,46900
Buckeye Joint Vocational School,35889.0,PS,20468.0,50450.0,PS
Sandusky Career Center,40504.0,PS,26841.0,59353.0,PS
Greater Altoona Career & Technology Center,38008.0,7000,20217.0,49021.0,51600
Central Texas Beauty College-Temple,23338.0,2800,11450.0,41321.0,40700
Erie 2 Chautauqua Cattaraugus BOCES-Practical Nursing Program,47270.0,9600,26083.0,58842.0,51200
Empire Beauty School-Brooklyn,24022.0,3400,10614.0,40849.0,50500
Eastern New Mexico University Ruidoso Branch Community College,38550.0,6800,21084.0,59977.0,64300
UEI College-Ontario,31141.0,4600,13730.0,46425.0,51700
UEI College-Reseda,31141.0,4600,13730.0,46425.0,51700
Estrella Mountain Community College,44356.0,6200,27035.0,64043.0,63200
Heartland Community College,40768.0,5900,22079.0,62665.0,60100
University of the Potomac-Washington DC Campus,34961.0,14400,13216.0,58024.0,113000
The Salon Professional Academy-Melbourne,16515.0,PS,7246.0,33330.0,PS
Fortis Institute-Scranton,30224.0,2500,15606.0,44607.0,47700
Everglades University,47597.0,7900,23905.0,81263.0,99400
Seminar L'moros Bais Yaakov,24366.0,5700,16170.0,40584.0,40500
Herzing University-Orlando,36909.0,12300,19077.0,56514.0,77200
Cortiva Institute,27193.0,2900,12824.0,45346.0,55900
College of Biblical Studies-Houston,39260.0,9200,21510.0,60248.0,92600
Mid-EastCTC-Adult Education,40416.0,6000,25044.0,57119.0,58300
Polaris Career Center,38718.0,PS,22356.0,55205.0,PS
Sharp's Academy of Hairstyling,16266.0,PS,7656.0,29978.0,PS
The College of Health Care Professions-Northwest,33070.0,8100,17182.0,48092.0,54500
Fortis College,33193.0,6800,15842.0,50176.0,61800
Asian-American International Beauty College,12610.0,5100,5175.0,22737.0,30300
Copper Mountain Community College,33281.0,4400,14869.0,56281.0,67900
Diversified Vocational College,25328.0,3400,10975.0,39870.0,43500
UEI College-Fresno,27688.0,4500,9833.0,41036.0,62600
Southern California Institute of Technology,53598.0,5200,25081.0,83960.0,68500
Summit College,40187.0,4800,19793.0,60470.0,60100
Advance Beauty College,11575.0,PS,4802.0,28211.0,PS
Delta College Inc,32044.0,6500,15300.0,45809.0,43900
Tri-State Cosmetology Institute,18157.0,3400,8924.0,30705.0,32400
Frontier Community College,37533.0,4600,20857.0,56976.0,52900
Lincoln Trail College,37533.0,4600,20857.0,56976.0,52900
Wabash Valley College,37533.0,4600,20857.0,56976.0,52900
Brookline College-Tempe,29576.0,3300,13467.0,43497.0,44000
Schiller International University,35529.0,PS,15725.0,47939.0,PS
Coconino Community College,40420.0,5500,21175.0,61028.0,64900
Emma's Beauty Academy-Juana Diaz,17034.0,2200,8287.0,30070.0,37600
Brillare Beauty Institute,24728.0,PS,9325.0,39150.0,PS
Pima Medical Institute-Denver,38673.0,4300,21337.0,55482.0,53300
Ohio State School of Cosmetology-Heath,25078.0,PS,11101.0,37112.0,PS
Southern Careers Institute-Corpus Christi,27035.0,3800,13576.0,41191.0,39300
Carroll Community College,44349.0,7200,22917.0,70105.0,64300
Galen College of Nursing-Tampa Bay,61480.0,7200,39823.0,83347.0,62800
Galen College of Nursing-San Antonio,61480.0,7200,39823.0,83347.0,62800
Sarasota School of Massage Therapy,30237.0,PS,14297.0,45336.0,PS
Schuyler Steuben Chemung Tioga Allegany BOCES,43956.0,PS,27913.0,54641.0,PS
Delaware Chenango Madison Otsego BOCES-Practical Nursing Program,48116.0,PS,18105.0,65125.0,PS
Central Susquehanna Intermediate Unit LPN Career,49686.0,PS,36713.0,63584.0,PS
Myotherapy Massage College,31678.0,2900,9495.0,50110.0,60600
G Skin & Beauty Institute,32281.0,PS,16968.0,51319.0,PS
Cosmetology Training Center,16194.0,PS,7781.0,30672.0,PS
Stage One-The Hair School,17390.0,PS,6600.0,28720.0,PS
Empire Beauty School-Malden,23921.0,3000,10818.0,39242.0,41500
Xenon A Stephanie Moss Academy,28953.0,6500,15433.0,45017.0,46400
Orlo School of Hair Design and Cosmetology,32014.0,PS,13242.0,41452.0,PS
Eastland-Fairfield Career and Technical Schools,43780.0,3100,26775.0,66755.0,49600
Empire Beauty School-Cincinnati,23743.0,PS,12147.0,38762.0,PS
Mahoning County Career and Technical Center,37526.0,PS,30005.0,51870.0,PS
Pickaway Ross Joint Vocational School District,46485.0,PS,30772.0,67587.0,PS
Raphael's School of Beauty Culture Inc-Boardman,22437.0,PS,10161.0,41043.0,PS
Scioto County Career Technical Center,40584.0,4500,22904.0,59634.0,57000
UCAS University of Cosmetology Arts & Sciences-Harlingen,19880.0,4300,10643.0,33980.0,36000
Paul Mitchell the School-Federal Way,31123.0,3900,14332.0,50222.0,55000
Empire Beauty School-Green Bay,23589.0,2800,10335.0,39321.0,41400
Warren County Career Center,49016.0,PS,23143.0,74988.0,PS
Paul Mitchell the School-Wichita,31553.0,PS,15389.0,45855.0,PS
Pinnacle Institute of Cosmetology,22786.0,PS,7268.0,42821.0,PS
Southern Careers Institute-Pharr,27035.0,3800,13576.0,41191.0,39300
Florida National University-Main Campus,33928.0,4900,16196.0,53955.0,49200
Georgia Institute of Cosmetology,21432.0,PS,10405.0,36098.0,PS
Nouvelle Institute,16138.0,2900,8896.0,28249.0,28700
Franklin Technology Center Adult Education,36700.0,4000,21438.0,51510.0,47100
Professional Technical Institution,24336.0,2800,16050.0,41330.0,38900
South Texas College,36788.0,9100,19244.0,57873.0,64700
Lorain County Joint Vocational School District,35776.0,PS,16887.0,50555.0,PS
Roger Williams University School of Law,70266.0,15100,49055.0,95351.0,87300
California State University-Monterey Bay,59247.0,10200,36050.0,82407.0,76900
Ohio Media School-Valley View,37423.0,5900,19551.0,52877.0,57000
Marian Health Careers Center-Los Angeles Campus,63612.0,13900,46277.0,89650.0,89300
Academy for Nursing and Health Occupations,47039.0,6100,25210.0,71405.0,61600
Remington College-Memphis Campus,31349.0,5600,16051.0,44946.0,56900
Fayette Institute of Technology,41880.0,PS,18175.0,57249.0,PS
Capella University,42189.0,17600,20330.0,69019.0,138200
College of Menominee Nation,25853.0,1700,9137.0,42823.0,41500
Spartan College of Aeronautics & Technology,61575.0,9400,36033.0,90174.0,81500
Yukon Beauty College Inc,19950.0,PS,8374.0,36235.0,PS
United Education Institute-Morrow,31141.0,4600,13730.0,46425.0,51700
Artistic Academy of Hair Design,34266.0,PS,15866.0,52950.0,PS
Motoring Technical Training Institute,48281.0,4700,27509.0,64466.0,55600
Mech-Tech College,24967.0,3000,13568.0,42237.0,41300
Baldwin Beauty School-North Austin,24801.0,PS,12743.0,37868.0,PS
Jean Madeline Aveda Institute,26029.0,3000,10440.0,47921.0,59900
Pacific College of Health and Science,26209.0,PS,12069.0,53313.0,PS
Trine University-Regional/Non-Traditional Campuses,57165.0,11400,38069.0,82880.0,79800
Pennsylvania Highlands Community College,38752.0,5600,22580.0,56482.0,56300
Nevada Career Institute,41472.0,4500,22023.0,66073.0,56800
Empire Beauty School-Hanover,24407.0,4500,11058.0,41242.0,56800
Industrial Management Training Institute,55344.0,PS,29420.0,82508.0,PS
Allen School-Jamaica,34186.0,6600,16008.0,50921.0,46900
Premiere Career College,41270.0,3200,19795.0,61691.0,65500
The University of Texas MD Anderson Cancer Center,90232.0,PS,67740.0,115697.0,PS
Estes Institute of Cosmetology Arts and Science,26965.0,PS,9243.0,37024.0,PS
Baldwin Park Adult & Community Education,32069.0,2600,11923.0,51001.0,55200
Ventura Adult and Continuing Education,38232.0,4200,20584.0,56320.0,59100
City College-Altamonte Springs,35994.0,5600,18359.0,53308.0,47800
Career Center of Southern Illinois,48452.0,PS,33693.0,68034.0,PS
Crave Beauty Academy,26589.0,2100,11487.0,39328.0,40100
Kirksville Area Technical Center,40517.0,PS,21882.0,58495.0,PS
Southern Missouri Technical Institute,31460.0,4000,17672.0,50136.0,54600
Saline County Career Center,37200.0,PS,23809.0,52765.0,PS
Warrensburg Area Career Center,37242.0,PS,14662.0,57356.0,PS
Cass Career Center,52545.0,PS,32063.0,76104.0,PS
Applied Tech,56508.0,PS,38640.0,75078.0,PS
Central College of Cosmetology,22821.0,PS,12529.0,36491.0,PS
Southeast Missouri Hospital College of Nursing and Health Sciences,60918.0,PS,42732.0,79656.0,PS
Messenger College,29463.0,PS,17447.0,53629.0,PS
Union County Vocational Technical School,37590.0,PS,15188.0,60071.0,PS
Prism Career Institute-Philadelphia,32473.0,2700,14195.0,49389.0,56800
Jefferson Lewis BOCES-Practical Nursing Program,47886.0,PS,36003.0,60907.0,PS
Veeb Nassau County School of Practical Nursing,62185.0,14600,42858.0,87837.0,99800
Cattaraugus Allegany BOCES-Practical Nursing Program,39581.0,PS,23047.0,53087.0,PS
Orange Ulster BOCES,57794.0,PS,38815.0,71691.0,PS
Wayne Finger Lakes BOCES-Practical Nursing Program,49509.0,PS,29204.0,65313.0,PS
Broome Delaware Tioga BOCES-Practical Nursing Program,53233.0,PS,38733.0,60456.0,PS
Washington Saratoga Warren Hamilton Essex BOCES-Practical Nursing Program,48129.0,5700,28482.0,65821.0,53100
Albany BOCES-Adult Practical Nursing Program,47733.0,PS,24809.0,63836.0,PS
Eastern Suffolk BOCES,63394.0,9300,41200.0,86182.0,79400
Rockland County BOCES-Practical Nursing Program,68647.0,PS,34449.0,91344.0,PS
New York College of Health Professions,31601.0,4200,12923.0,58853.0,74800
Career and Technology Education Centers of Licking County,38002.0,PS,22374.0,57423.0,PS
Northern Career Institute,49073.0,PS,29339.0,63285.0,PS
Washington County Career Center-Adult Technical Training,43749.0,PS,29687.0,68358.0,PS
Ohio Media School-Cincinnati,28918.0,7000,16416.0,44265.0,60500
Vantage Career Center,33875.0,PS,18763.0,49477.0,PS
Indian Capital Technology Center-Muskogee,33208.0,3900,16891.0,53713.0,59000
Western Technology Center,29728.0,2400,12894.0,44674.0,53500
Mid-America Technology Center,38465.0,PS,21165.0,64313.0,PS
Eastern Oklahoma County Technology Center,49311.0,PS,19608.0,81637.0,PS
Wes Watkins Technology Center,32209.0,7200,19230.0,44287.0,50400
York County School of Technology-Adult & Continuing Education,54322.0,PS,32762.0,72581.0,PS
Chester County Intermediate Unit,60347.0,PS,38376.0,76563.0,PS
Jefferson County Dubois Area Vocational Technical Practical Nursing Program,36531.0,PS,19054.0,46349.0,PS
Greater Johnstown Career and Technology Center,48881.0,10800,33706.0,64301.0,61300
Mifflin County Academy of Science and Technology,47765.0,PS,30038.0,65578.0,PS
Lenape Technical School Practical Nursing Program,46756.0,PS,33810.0,59733.0,PS
Venango County Area Vocational Technical School,38161.0,PS,25097.0,52201.0,PS
Lancaster County Career and Technology Center,44566.0,7200,28395.0,60750.0,57800
Lebanon County Area Vocational Technical School,56364.0,PS,41333.0,78524.0,PS
Indiana County Technology Center,34858.0,PS,14406.0,47554.0,PS
Northern Tier Career Center,38737.0,PS,19384.0,48062.0,PS
Hazleton Area Career Center,49311.0,PS,29906.0,62100.0,PS
All-State Career School-Pittsburgh,33193.0,6800,15842.0,50176.0,61800
D'Mart Institute,17340.0,1400,7235.0,29810.0,30200
Automeca Technical College-Aguadilla,24632.0,4500,14088.0,40459.0,41000
North Central Institute,55027.0,PS,35433.0,77010.0,PS
Pipo Academy of Hair Design,20136.0,PS,9086.0,32007.0,PS
Tint School of Makeup and Cosmetology-Dallas,26381.0,6200,13606.0,42782.0,33700
United Technical Center,49130.0,PS,41915.0,64747.0,PS
Central California School of Continuing Education,41223.0,8200,20365.0,63398.0,89100
HCA Florida Mercy Hospital School of Practical Nursing,72275.0,PS,56811.0,86206.0,PS
Marion Technical College,36095.0,PS,19229.0,53461.0,PS
Rivertown School of Beauty Barber Skin Care and Nails,22139.0,4200,11668.0,34820.0,40900
Atlanta Institute of Music and Media,31186.0,PS,12212.0,52988.0,PS
Illinois Media School,38284.0,6300,20364.0,57779.0,67400
New Dimensions School of Hair Design,28050.0,PS,12826.0,34739.0,PS
Jna Institute of Culinary Arts,32286.0,PS,15808.0,48084.0,PS
Crawford County Career and Technical Center Practical Nursing Program,46611.0,PS,27940.0,59757.0,PS
Texas College of Cosmetology-San Angelo,21685.0,PS,10345.0,36078.0,PS
Automeca Technical College-Bayamon,24632.0,4500,14088.0,40459.0,41000
Automeca Technical College-Caguas,24632.0,4500,14088.0,40459.0,41000
Automeca Technical College-Ponce,24632.0,4500,14088.0,40459.0,41000
Centura College-Chesapeake,25930.0,4500,12508.0,39679.0,51000
University of Phoenix-Hawaii,37752.0,13300,18569.0,59631.0,110100
Prism Career Institute-Cherry Hill,32473.0,2700,14195.0,49389.0,56800
Escuela de Peritos Electricistas de Isabela Inc,24480.0,3800,12418.0,38556.0,43800
Lincoln Technical Institute-Mahwah,46396.0,6300,25586.0,66729.0,57900
Career Technical Institute,30227.0,PS,12634.0,46621.0,PS
Northwest Vista College,42490.0,9100,24083.0,61809.0,64600
Oconee Fall Line Technical College,30899.0,4200,16069.0,46474.0,42200
York County Community College,44873.0,7400,23391.0,58729.0,59100
Western Suffolk BOCES,49667.0,11900,18107.0,74227.0,87900
Manhattan School of Computer Technology,26020.0,4400,12231.0,44653.0,86900
Ross College-Hopkinsville,29898.0,4500,14990.0,42422.0,39500
Paul Mitchell the School-St. George,38043.0,PS,10785.0,53299.0,PS
Arizona College of Nursing-Tempe,34657.0,5100,17281.0,48422.0,45700
Vanguard-Sentinel Adult Career and Technology Center,33907.0,PS,20713.0,48155.0,PS
Academy of Beauty Professionals,25117.0,PS,10267.0,38010.0,PS
New York Conservatory for Dramatic Arts,26921.0,PS,10473.0,46698.0,PS
Eastern International College-Jersey City,35008.0,7400,17202.0,51088.0,67100
Academia Serrant Inc,18422.0,PS,7373.0,32843.0,PS
San Joaquin Valley College-Trades Education Center,38317.0,5400,19423.0,60326.0,61500
Pacific College,70064.0,8800,47901.0,95262.0,76600
American College of Healthcare and Technology,31109.0,PS,14224.0,48441.0,PS
Compu-Med Vocational Careers Corp,22226.0,4800,12270.0,34371.0,34300
Advantage Technical College,26905.0,4200,16230.0,48270.0,42300
Mid Cities Barber College,24664.0,PS,12655.0,45008.0,PS
Gwinnett College-Sandy Springs,31206.0,2800,13332.0,46453.0,58700
Mildred Elley-Pittsfield Campus,38830.0,3200,16014.0,62525.0,46400
Embry-Riddle Aeronautical University-Worldwide,84131.0,22400,55392.0,112155.0,115500
Merkaz Bnos-Business School,27249.0,4600,16448.0,39830.0,43800
CET-Alexandria,32986.0,4100,14618.0,53343.0,45700
Aviation Institute of Maintenance-Norfolk,44173.0,8600,24501.0,68379.0,77100
Centura College-Richmond Main,25930.0,4500,12508.0,39679.0,51000
Osceola Technical College,38484.0,4600,19560.0,57721.0,57500
Miami Ad School,106192.0,9800,48682.0,158386.0,167100
Green Country Technology Center,51375.0,PS,27319.0,64579.0,PS
Nova College de Puerto Rico,20251.0,PS,10030.0,29656.0,PS
John Wesley International Barber and Beauty College,23643.0,PS,9783.0,44668.0,PS
Southeastern College-West Palm Beach,41200.0,4800,22609.0,62590.0,54400
Ottawa University-Milwaukee,55552.0,11200,35894.0,79726.0,78100
Klamath Community College,34357.0,3800,16468.0,51097.0,57400
Urban College of Boston,35472.0,7700,15266.0,46290.0,44100
Strayer University-Maryland,40092.0,11500,20698.0,62129.0,106500
Empire Beauty School-Monroeville,25073.0,2500,10829.0,39642.0,50000
Southern Careers Institute-San Antonio,27035.0,3800,13576.0,41191.0,39300
Prism Career Institute-West Atlantic City,32473.0,2700,14195.0,49389.0,56800
Praxis Institute,22300.0,2200,11353.0,41274.0,41500
Carver Career Center,33739.0,4200,15304.0,52184.0,50500
Cayuga Onondaga BOCES-Practical Nursing Program,45439.0,PS,24137.0,58495.0,PS
Clearfield County Career and Technology Center,41559.0,PS,23007.0,55158.0,PS
Colegio de Cinematografia Artes y Television,25707.0,3200,12496.0,41129.0,39300
Delaware County Technical School-Practical Nursing Program,55120.0,PS,35831.0,71301.0,PS
New York Institute of Massage Inc,26379.0,4600,10653.0,38640.0,52900
Dutchess BOCES-Practical Nursing Program,48363.0,PS,33736.0,66958.0,PS
Escuela Tecnica de Electricidad,26398.0,3600,14498.0,44753.0,51400
Institute of Technology,35095.0,3500,16100.0,53790.0,59700
Genesee Valley BOCES-Practical Nursing Program,46695.0,PS,23759.0,59118.0,PS
Herkimer County BOCES-Practical Nursing Program,41763.0,PS,31763.0,60073.0,PS
Graduate America College,22178.0,PS,11401.0,40176.0,PS
Cape Coral Technical College,36080.0,PS,18468.0,54134.0,PS
UPMC Mercy School of Nursing,68337.0,PS,41899.0,90357.0,PS
Ocean County Vocational-Technical School,47122.0,PS,22980.0,64423.0,PS
Kenneth Shuler School of Cosmetology-Rock Hill,23193.0,PS,10075.0,40412.0,PS
CET-El Paso,32986.0,4100,14618.0,53343.0,45700
Platt College-Ontario,40669.0,3300,22121.0,61116.0,65500
American University of Health Sciences,93610.0,PS,53815.0,132755.0,PS
Career Networks Institute,45256.0,3300,23757.0,70955.0,59800
Okaloosa Technical College,32577.0,8900,16259.0,48622.0,60200
Lincoln Technical Institute-Lincoln,31914.0,6600,14470.0,49461.0,74800
Wayne County Schools Career Center,42774.0,2800,27216.0,57179.0,47500
Carolinas College of Health Sciences,64624.0,14700,36702.0,93174.0,74800
Western Governors University,60615.0,14100,37733.0,96337.0,82100
California Aeronautical University,38361.0,10200,20349.0,52637.0,67200
Herzing University-New Orleans,36909.0,12300,19077.0,56514.0,77200
Florida Gulf Coast University,54560.0,13500,36485.0,77458.0,75600
Pima Medical Institute-Chula Vista,38673.0,4300,21337.0,55482.0,53300
Lincoln College of Technology-Marietta,31914.0,6600,14470.0,49461.0,74800
Academy of Hair Design-Lufkin,20892.0,PS,10303.0,34751.0,PS
Pathway Vocational Academy,22822.0,PS,10354.0,38872.0,PS
Cortiva Institute,30474.0,5000,15262.0,48427.0,66600
Northwest HVAC/R Training Center,60551.0,PS,42030.0,78411.0,PS
Myotherapy Institute,27531.0,PS,13040.0,39339.0,PS
New Professions Technical Institute,25962.0,4500,13312.0,44086.0,43400
Strand College of Hair Design,21301.0,PS,12418.0,37318.0,PS
Ilisagvik College,39541.0,PS,19038.0,69946.0,PS
Community College of Baltimore County,43729.0,7500,23632.0,66286.0,69400
Blue Cliff College-Metairie,22177.0,4100,11069.0,34920.0,57800
Creative Images Institute of Cosmetology-North Dayton,22271.0,3000,10272.0,36906.0,45900
Dewey University-Carolina,19761.0,2100,9317.0,33664.0,35000
Louisiana State University Health Sciences Center-Shreveport,74671.0,PS,56135.0,100901.0,PS
Hair Academy II,43383.0,PS,20263.0,52082.0,PS
River Parishes Community College,37848.0,PS,21138.0,60780.0,PS
Century College,19462.0,2800,8635.0,33659.0,31600
Gwinnett College,29234.0,PS,17062.0,42175.0,PS
Medical Training College,30894.0,2500,14777.0,39679.0,51600
University of Connecticut-Waterbury Campus,73997.0,19000,50150.0,109163.0,101800
University of Connecticut-Avery Point,73997.0,19000,50150.0,109163.0,101800
University of Connecticut-Stamford,73997.0,19000,50150.0,109163.0,101800
Baton Rouge Community College,34581.0,PS,16839.0,53605.0,PS
Midwest Technical Institute-Illinois,33601.0,4400,17993.0,49314.0,66000
Advanced Barber College and Hair Design,18519.0,PS,10055.0,36518.0,PS
The College of Health Care Professions-Austin,38922.0,PS,23111.0,52350.0,PS
New Community Career & Technical Institute,40200.0,1900,20761.0,60374.0,44100
The Chicago School-College of Nursing,56899.0,PS,37351.0,81942.0,PS
Professional Golfers Career College,46079.0,PS,26754.0,70857.0,PS
Chester Career College,32650.0,5500,18060.0,46176.0,59300
Milan Institute-San Antonio Ingram,24879.0,3400,11469.0,40411.0,38200
Rudae's School of Beauty Culture-Ft Wayne,25749.0,1900,10557.0,40364.0,34700
Carrington College-San Jose,39633.0,4100,18725.0,60075.0,55800
Brookline College-Tucson,29576.0,3300,13467.0,43497.0,44000
Miller-Motte College-Berks Technical Institute-Lewisburg,31102.0,2400,15775.0,47146.0,44700
Carrington College-Pleasant Hill Campus,39633.0,4100,18725.0,60075.0,55800
Cortiva Institute,27193.0,2900,12824.0,45346.0,55900
Modern Hairstyling Institute-Carolina,17666.0,1900,6597.0,33467.0,31400
Universal Technical Institute of California Inc,52873.0,12500,33274.0,74276.0,78900
American InterContinental University-Atlanta,36144.0,8300,18174.0,56003.0,102100
The Academy of Hair Design Six,22706.0,PS,11717.0,35537.0,PS
Aviation Institute of Maintenance-Indianapolis,42759.0,12900,20349.0,63429.0,71300
IVAEM College,19686.0,PS,12180.0,33943.0,PS
Midwest College of Oriental Medicine-Skokie,44136.0,PS,16563.0,72706.0,PS
Carrington College-Spokane,36625.0,4300,18711.0,53355.0,50100
Cascadia College,54133.0,PS,29667.0,84819.0,PS
CBD College,37237.0,4900,16003.0,67359.0,47200
MDT College of Health Sciences,43946.0,6100,20443.0,71168.0,66700
Bennett Career Institute,22568.0,2900,8443.0,47672.0,56100
Blue Cliff College-Lafayette,22177.0,4100,11069.0,34920.0,57800
Community Care College,28954.0,3700,14023.0,42320.0,41300
Erie 1 BOCES,47114.0,6300,29178.0,60251.0,60300
HDS Truck Driving Institute,40059.0,PS,26476.0,60624.0,PS
The King's University,41471.0,PS,18321.0,62440.0,PS
Fortis College-Baton Rouge,32886.0,PS,16920.0,47155.0,PS
My Le's Beauty College,15070.0,PS,6416.0,32038.0,PS
New Concept Massage and Beauty School,20421.0,PS,10737.0,38451.0,PS
Fortis College-Orange Park,28506.0,3900,12929.0,42891.0,40200
Omega Institute of Cosmetology,14923.0,PS,8438.0,31294.0,PS
PCI College,36141.0,PS,14611.0,55097.0,PS
Shawnee Beauty College,18636.0,PS,10660.0,33528.0,PS
Acupuncture and Massage College,21937.0,PS,8745.0,42713.0,PS
Aviation Institute of Maintenance-Atlanta,48191.0,9100,24355.0,74876.0,78500
Empire Beauty School-Kennesaw,23589.0,2800,10335.0,39321.0,41400
New York Automotive and Diesel Institute,50963.0,PS,22779.0,80573.0,PS
Remington College-Baton Rouge Campus,31349.0,5600,16051.0,44946.0,56900
Atenas University,20231.0,2100,11147.0,32566.0,26500
Onondaga Cortland Madison BOCES,40658.0,8300,22886.0,55382.0,54000
Interactive College of Technology,27182.0,6200,12690.0,45031.0,52700
Pillar College,45577.0,PS,22219.0,72001.0,PS
Oregon State University-Cascades Campus,64010.0,12800,39922.0,92783.0,91800
Milan Institute-Amarillo,29491.0,3600,15056.0,43124.0,43800
Southern University Law Center,43371.0,9400,24178.0,63976.0,66900
Texas Barber College,21262.0,1700,9736.0,39226.0,45900
Miller-Motte College-Charleston,31102.0,2400,15775.0,47146.0,44700
American Career College-Anaheim,38430.0,6500,18624.0,57841.0,59200
East Valley Institute of Technology,35086.0,PS,13471.0,51358.0,PS
Smith Chason College,58004.0,PS,29073.0,89171.0,PS
Design's School of Cosmetology,23937.0,PS,10032.0,49274.0,PS
Ultimate Medical Academy,29194.0,PS,15166.0,42210.0,PS
Florida Barber Academy,16697.0,PS,6932.0,31774.0,PS
M-DCPS The English Center,30739.0,PS,14503.0,45439.0,PS
Florida Education Institute,24588.0,PS,12104.0,37480.0,PS
Texas County Technical College,40843.0,PS,22224.0,59668.0,PS
Aviation Institute of Maintenance-Kansas City,40743.0,PS,20355.0,57343.0,PS
Blue Cliff College-Gulfport,22177.0,4100,11069.0,34920.0,57800
Metropolitan Learning Institute,25916.0,PS,12074.0,48094.0,PS
Yeshiva Shaarei Torah of Rockland,89548.0,PS,35056.0,182351.0,PS
Leon Studio One School of Beauty Knowledge,26249.0,PS,10247.0,45468.0,PS
American Institute of Alternative Medicine,40805.0,PS,24960.0,70710.0,PS
Brown Aveda Institute-Mentor,27446.0,PS,15790.0,42480.0,PS
Institute of Technology,37507.0,PS,19672.0,52992.0,PS
Universidad Pentecostal Mizpa,21410.0,PS,12313.0,36945.0,PS
Caribbean Forensic and Technical College,20691.0,PS,11261.0,34919.0,PS
Concorde Career College-Grand Prairie,40648.0,PS,22747.0,61439.0,PS
Lamar Institute of Technology,38991.0,PS,20616.0,63996.0,PS
Aviation Institute of Maintenance-Dallas,42375.0,PS,20279.0,68361.0,PS
Healing Mountain Massage School,22160.0,PS,10980.0,42222.0,PS
Eastern Virginia Career College,37304.0,PS,20660.0,51877.0,PS
Rudy & Kelly Academy A Paul Mitchell Partner School,24176.0,PS,10935.0,37976.0,PS
Lincoln Technical Institute-Paramus,31914.0,6600,14470.0,49461.0,74800
Pima Medical Institute-Colorado Springs,38673.0,4300,21337.0,55482.0,53300
Paul Mitchell the School-Costa Mesa,26897.0,2500,11395.0,47166.0,51800
Tulsa Welding School-Jacksonville,41067.0,7200,20174.0,63210.0,80300
Saint Joseph's University - Lancaster,69731.0,PS,47334.0,92108.0,PS
West Virginia Junior College-Bridgeport,27472.0,2700,13755.0,38572.0,44600
St Louis College of Health Careers-Fenton,32217.0,2700,16717.0,46351.0,46500
Interactive College of Technology-Gainesville,27065.0,5200,13374.0,45748.0,50800
San Joaquin Valley College-Ontario,38317.0,5400,19423.0,60326.0,61500
Carrington College-Albuquerque,36718.0,4000,20311.0,51422.0,52500
NASCAR Technical Institute,52873.0,12500,33274.0,74276.0,78900
University of the Potomac-VA Campus,34961.0,14400,13216.0,58024.0,113000
Milan Institute-Palm Desert,29491.0,3600,15056.0,43124.0,43800
Pacific College of Health and Science,26209.0,PS,12069.0,53313.0,PS
Southwest Institute of Healing Arts,29544.0,PS,10699.0,53330.0,PS
InterCoast Colleges-Riverside,36089.0,2200,16016.0,58901.0,54000
Brighton Center's Center for Employment Training,24540.0,PS,11412.0,37686.0,PS
California Healing Arts College,25151.0,PS,11450.0,50075.0,PS
Dallas Barber & Stylist College,20142.0,PS,8355.0,39850.0,PS
Faith International University,51006.0,PS,31986.0,84275.0,PS
Colegio Educativo Tecnologico Industrial Inc,19432.0,PS,11493.0,33431.0,PS
Irene's Myomassology Institute,26551.0,PS,12762.0,47205.0,PS
Jay's Technical Institute,15511.0,PS,6197.0,33861.0,PS
P C Age-Jersey City,54323.0,PS,29598.0,78625.0,PS
PC AGE-Metropark,54323.0,PS,29598.0,78625.0,PS
Hollywood Institute,22285.0,PS,11325.0,36400.0,PS
Southeastern College-Charleston,30737.0,PS,14849.0,43335.0,PS
Tigi Hairdressing Academy-Colorado Springs,22480.0,PS,11011.0,41424.0,PS
Trend Barber College,16575.0,PS,6604.0,35997.0,PS
Valley Grande Institute for Academic Studies,33472.0,PS,20318.0,57161.0,PS
West Coast University-Los Angeles,102672.0,PS,61405.0,132904.0,PS
Williamson Christian College,37474.0,PS,24221.0,49998.0,PS
Triangle Tech Inc-Sunbury,45538.0,9700,29235.0,66339.0,71100
DigiPen Institute of Technology,79878.0,PS,44010.0,142169.0,PS
Dewey University-Hato Rey,19761.0,2100,9317.0,33664.0,35000
InterCoast Colleges-West Covina,36089.0,2200,16016.0,58901.0,54000
Colorado Media School,37423.0,5900,19551.0,52877.0,57000
Paul Mitchell the School-Rhode Island,26897.0,2500,11395.0,47166.0,51800
Miller-Motte College-Chattanooga,31102.0,2400,15775.0,47146.0,44700
Milan Institute-Sparks,32493.0,2700,15177.0,44751.0,54700
Interactive College of Technology,27182.0,6200,12690.0,45031.0,52700
Strayer University-Tennessee,40092.0,11500,20698.0,62129.0,106500
Strayer University-Pennsylvania,40092.0,11500,20698.0,62129.0,106500
Charlie's Guard-Detective Bureau and Academy Inc,21241.0,PS,10043.0,35758.0,PS
PCI Academy-Plymouth,31330.0,PS,13811.0,45408.0,PS
Creative Images Institute of Cosmetology-South Dayton,22271.0,3000,10272.0,36906.0,45900
Brookline College-Albuquerque,29576.0,3300,13467.0,43497.0,44000
Empire Beauty School-Midlothian,23921.0,3000,10818.0,39242.0,41500
Empire Beauty School-Owings Mills,25073.0,2500,10829.0,39642.0,50000
Empire Beauty School-West Mifflin,25073.0,2500,10829.0,39642.0,50000
Baptist University of the Americas,37709.0,PS,24454.0,54812.0,PS
Blue Cliff Career College,21365.0,PS,9757.0,37152.0,PS
Lawrenceburg Technical College,25089.0,PS,11531.0,29938.0,PS
Paul Mitchell the School-Charlotte,23966.0,PS,11839.0,40881.0,PS
Auguste Escoffier School of Culinary Arts-Austin,36330.0,PS,23881.0,54711.0,PS
Escuela Hotelera de San Juan,20854.0,PS,11113.0,35159.0,PS
Gwinnett College-Marietta Campus,25373.0,PS,12239.0,40322.0,PS
American InterContinental University System,36144.0,8300,18174.0,56003.0,102100
American InterContinental University-Houston,36144.0,8300,18174.0,56003.0,102100
Remington College-North Houston Campus,31349.0,5600,16051.0,44946.0,56900
Paul Mitchell the School-Orlando,26897.0,2500,11395.0,47166.0,51800
Pima Medical Institute-Las Vegas,38673.0,4300,21337.0,55482.0,53300
Remington College-Nashville Campus,31349.0,5600,16051.0,44946.0,56900
Central Methodist University-College of Graduate and Extended Studies,48991.0,11200,34222.0,74400.0,58200
North-West College-Riverside,39876.0,3200,21682.0,61278.0,43000
Arthur's Beauty College,21954.0,1500,11150.0,37383.0,34500
Spa Tech Institute-Westboro,27803.0,5300,13940.0,46812.0,50900
Spa Tech Institute-Plymouth,27803.0,5300,13940.0,46812.0,50900
Neumont College of Computer Science,97827.0,PS,51736.0,128589.0,PS
Johnson & Wales University-Charlotte,43418.0,9100,25436.0,63933.0,68100
Fortis Institute-Port Saint Lucie,32886.0,PS,16920.0,47155.0,PS
Universal Technical Institute of Pennsylvania Inc,51222.0,11600,29872.0,74177.0,80300
Kenneth Shuler School of Cosmetology-Spartanburg,25088.0,PS,12597.0,37867.0,PS
Kenneth Shuler School of Cosmetology-Columbia,25088.0,PS,12597.0,37867.0,PS
Lincoln Technical Institute-Shelton,38683.0,9900,19113.0,59147.0,72200
SAE Institute of Technology-Nashville,39544.0,PS,16411.0,62112.0,PS
Delta Technical College-Mississippi,33601.0,4400,17993.0,49314.0,66000
Empire Beauty School-Avondale,23589.0,2800,10335.0,39321.0,41400
Empire Beauty School-Littleton,24022.0,3400,10614.0,40849.0,50500
Empire Beauty School-Aurora,24022.0,3400,10614.0,40849.0,50500
Joyce University of Nursing and Health Sciences,49841.0,3300,23494.0,76359.0,52500
San Joaquin Valley College-Modesto,38317.0,5400,19423.0,60326.0,61500
Eagle Gate College-Layton,37518.0,4600,20717.0,54175.0,58000
Academy of Hair Design-Jasper,20892.0,PS,10303.0,34751.0,PS
The College of Health Care Professions-Southwest Houston,33070.0,8100,17182.0,48092.0,54500
UEI College-Chula Vista,31141.0,4600,13730.0,46425.0,51700
UEI College-West Covina,31141.0,4600,13730.0,46425.0,51700
San Joaquin Valley College-Rancho Cordova,38317.0,5400,19423.0,60326.0,61500
Broken Arrow Beauty College,23722.0,PS,11301.0,41558.0,PS
Universal Technical Institute of Northern California Inc,48341.0,7100,29394.0,68153.0,64200
Stautzenberger College-Brecksville,34104.0,6200,18240.0,48517.0,64000
Rasmussen University-Illinois,39080.0,8300,21835.0,57587.0,58200
Automotive Training Center-Warminster,51112.0,15600,32370.0,69328.0,70000
Empire Beauty School-Milwaukee,23589.0,2800,10335.0,39321.0,41400
Triangle Tech Inc-Bethlehem,53788.0,7200,32063.0,77305.0,69800
Milan Institute-Clovis,24879.0,3400,11469.0,40411.0,38200
Strayer University-Florida,40092.0,11500,20698.0,62129.0,106500
Pima Medical Institute-Renton,38673.0,4300,21337.0,55482.0,53300
CBT Technology Institute-Main Campus,29534.0,4800,14433.0,47973.0,49500
CBT Technology Institute-Hialeah,29534.0,4800,14433.0,47973.0,49500
Dewey University-Juana Diaz,19761.0,2100,9317.0,33664.0,35000
The College of Health Care Professions-San Antonio,33070.0,8100,17182.0,48092.0,54500
Brittany Beauty Academy,18753.0,PS,7785.0,36116.0,PS
Lincoln Technical Institute-Whitestone,46396.0,6300,25586.0,66729.0,57900
South University-Tampa,34421.0,7100,17463.0,53014.0,67200
Milan Institute of Cosmetology-San Antonio Military,22378.0,3300,9957.0,38597.0,43800
Paul Mitchell the School-Tampa,26897.0,2500,11395.0,47166.0,51800
Paul Mitchell the School-San Diego,26897.0,2500,11395.0,47166.0,51800
Paul Mitchell the School-Michigan,26897.0,2500,11395.0,47166.0,51800
Paul Mitchell the School-Tysons Corner,34949.0,PS,15883.0,56410.0,PS
Fortis College-Columbus,36368.0,6400,19282.0,51976.0,48600
Fortis College-Cincinnati,36368.0,6400,19282.0,51976.0,48600
Blue Cliff College-Alexandria,22177.0,4100,11069.0,34920.0,57800
Strayer University-Delaware,40092.0,11500,20698.0,62129.0,106500
Brite Divinity School,68424.0,14300,44497.0,98051.0,100100
Strayer University-Alabama,40092.0,11500,20698.0,62129.0,106500
Brown Aveda Institute-Strongsville,27446.0,PS,15790.0,42480.0,PS
Clary Sage College,28954.0,3700,14023.0,42320.0,41300
Rasmussen University-Wisconsin,39080.0,8300,21835.0,57587.0,58200
Empire Beauty School-Richmond,23921.0,3000,10818.0,39242.0,41500
Empire Beauty School-North Hills,22377.0,2200,9788.0,38570.0,38600
Empire Beauty School-Concord,23925.0,2800,10394.0,40316.0,34700
Carrington College-Stockton,39633.0,4100,18725.0,60075.0,55800
Trend Barber College,16575.0,PS,6604.0,35997.0,PS
Euphoria Institute of Beauty Arts & Sciences-Summerlin,31914.0,6600,14470.0,49461.0,74800
Paul Mitchell the School-San Antonio,28693.0,3400,13515.0,47106.0,55700
Bryant & Stratton College-Wauwatosa,32568.0,2600,15518.0,48170.0,46900
Remington College-Houston Southeast Campus,31349.0,5600,16051.0,44946.0,56900
Remington College-Shreveport Campus,31349.0,5600,16051.0,44946.0,56900
TC Beauty,21153.0,PS,11311.0,39389.0,PS
Ross Medical Education Center-New Baltimore,30481.0,4700,15370.0,42929.0,39900
Ross College-Sylvania,29898.0,4500,14990.0,42422.0,39500
Escuela De Troqueleria Y Herramentaje,26293.0,4700,14236.0,40523.0,44000
Fortis Institute-Nashville,32886.0,PS,16920.0,47155.0,PS
Galen College of Nursing-Cincinnati,61480.0,7200,39823.0,83347.0,62800
Strayer University-North Carolina,40092.0,11500,20698.0,62129.0,106500
Strayer University-New Jersey,40092.0,11500,20698.0,62129.0,106500
Ohio Media School-Columbus,37423.0,5900,19551.0,52877.0,57000
Chamberlain University-Illinois,92405.0,13200,66826.0,120947.0,94100
Chamberlain University-Ohio,92405.0,13200,66826.0,120947.0,94100
Chamberlain University-Arizona,92405.0,13200,66826.0,120947.0,94100
Milan Institute of Cosmetology-Vacaville,22378.0,3300,9957.0,38597.0,43800
Milan Institute of Cosmetology-Reno,22378.0,3300,9957.0,38597.0,43800
Ottawa University-Online,55552.0,11200,35894.0,79726.0,78100
Paul Mitchell the School-Esani,26287.0,PS,12346.0,46977.0,PS
The Chicago School at Anaheim,56899.0,PS,37351.0,81942.0,PS
Fortis College-Dothan,32754.0,3700,16296.0,47884.0,36800
Fortis Institute-Pensacola,26652.0,4900,13943.0,39298.0,40300
Fortis College-Montgomery,26652.0,4900,13943.0,39298.0,40300
Fortis Institute-Birmingham,32886.0,PS,16920.0,47155.0,PS
The Chicago School at Los Angeles,56899.0,PS,37351.0,81942.0,PS
Pima Medical Institute-East Valley,38673.0,4300,21337.0,55482.0,53300
Empire Beauty School-Spring Lake Park,23925.0,2800,10394.0,40316.0,34700
Miller-Motte College-Raleigh,31102.0,2400,15775.0,47146.0,44700
Lamson Institute,38015.0,4600,17914.0,62402.0,71900
College of Hair Design-East Campus,28376.0,5500,13715.0,41876.0,42100
Fortis College-Salt Lake City,34509.0,4400,17887.0,52189.0,48200
Polytechnic University of Puerto Rico-Miami,47540.0,4600,25266.0,69091.0,61600
Polytechnic University of Puerto Rico-Orlando,47540.0,4600,25266.0,69091.0,61600
Ross Medical Education Center-Fort Wayne,30072.0,4400,15686.0,40983.0,40000
Ross Medical Education Center-Battle Creek,30060.0,3000,16686.0,39692.0,38000
Josef's School of Hair Skin & Body-Fargo,27987.0,PS,17191.0,43133.0,PS
Miller-Motte College-Berks Technical Institute-Allentown,31102.0,2400,15775.0,47146.0,44700
Salon Success Academy-Fontana,22412.0,PS,9573.0,39063.0,PS
Salon Success Academy-Redlands,22412.0,PS,9573.0,39063.0,PS
Strayer University-West Virginia,40092.0,11500,20698.0,62129.0,106500
Paul Mitchell the School-Baton Rouge,25699.0,PS,12791.0,41294.0,PS
San Joaquin Valley College-Hesperia,38317.0,5400,19423.0,60326.0,61500
South Texas Vocational Technical Institute-Brownsville,31102.0,2400,15775.0,47146.0,44700
Miller-Motte College-STVT-Corpus Christi,31102.0,2400,15775.0,47146.0,44700
University of Minnesota-Rochester,69020.0,16100,47150.0,97410.0,91600
CBT Technology Institute-Cutler Bay,29534.0,4800,14433.0,47973.0,49500
Capri Beauty College,26804.0,4700,10464.0,43861.0,47600
Milan Institute-Bakersfield,24879.0,3400,11469.0,40411.0,38200
Carrington College-Las Vegas,36718.0,4000,20311.0,51422.0,52500
Carrington College-Reno,43731.0,2900,24610.0,71829.0,52600
Chamberlain University-Florida,92405.0,13200,66826.0,120947.0,94100
InterCoast Colleges-Rancho Cordova,36089.0,2200,16016.0,58901.0,54000
West Coast University-Orange County,102672.0,PS,61405.0,132904.0,PS
West Coast University-Ontario,102672.0,PS,61405.0,132904.0,PS
Paul Mitchell the School-Chicago,27652.0,PS,12454.0,47791.0,PS
Miller-Motte College-Fayetteville,31102.0,2400,15775.0,47146.0,44700
Miller-Motte College-Columbus,31102.0,2400,15775.0,47146.0,44700
Fortis College-Indianapolis,34726.0,4700,18147.0,53141.0,53700
Empire Beauty School-E Memphis,22377.0,2200,9788.0,38570.0,38600
Empire Beauty School-Nashville,23921.0,3000,10818.0,39242.0,41500
Empire Beauty School-Jackson,24397.0,5300,11012.0,39125.0,46100
Empire Beauty School-Springfield,25073.0,2500,10829.0,39642.0,50000
Empire Beauty School-Speedway,24407.0,4500,11058.0,41242.0,56800
Empire Beauty School-Morrow,24397.0,5300,11012.0,39125.0,46100
Strayer University-Arkansas,40092.0,11500,20698.0,62129.0,106500
Strayer University-Georgia,40092.0,11500,20698.0,62129.0,106500
Strayer University-Mississippi,40092.0,11500,20698.0,62129.0,106500
Strayer University-South Carolina,40092.0,11500,20698.0,62129.0,106500
Strayer University-Texas,40092.0,11500,20698.0,62129.0,106500
Empire Beauty School-Charlotte,24022.0,3400,10614.0,40849.0,50500
Empire Beauty School-Winston-Salem,24397.0,5300,11012.0,39125.0,46100
Empire Beauty School-West Palm,25073.0,2500,10829.0,39642.0,50000
Empire Beauty School-Pineville,23925.0,2800,10394.0,40316.0,34700
South University-Richmond,34421.0,7100,17463.0,53014.0,67200
South University-Virginia Beach,34421.0,7100,17463.0,53014.0,67200
The Chicago School at Washington DC,56899.0,PS,37351.0,81942.0,PS
Herzing University-Kenosha,36909.0,12300,19077.0,56514.0,77200
Herzing University-Brookfield,36909.0,12300,19077.0,56514.0,77200
Fortis Institute,33193.0,6800,15842.0,50176.0,61800
Southern Careers Institute-Brownsville,27035.0,3800,13576.0,41191.0,39300
Southern Careers Institute-Harlingen,27035.0,3800,13576.0,41191.0,39300
Strayer University-Global Region,40092.0,11500,20698.0,62129.0,106500
Kenneth Shuler School of Cosmetology-Florence,25542.0,PS,11266.0,37813.0,PS
Fortis College-Columbia,36368.0,6400,19282.0,51976.0,48600
Ross Medical Education Center-Davison,29898.0,4500,14990.0,42422.0,39500
Ross Medical Education Center-Granger,30481.0,4700,15370.0,42929.0,39900
Ross Medical Education Center-Niles,30072.0,4400,15686.0,40983.0,40000
Ross Medical Education Center-Canton,30060.0,3000,16686.0,39692.0,38000
Pima Medical Institute-Houston,38673.0,4300,21337.0,55482.0,53300
Illinois Media School-Chicago Campus,38284.0,6300,20364.0,57779.0,67400
Miller-Motte College-STVT-San Antonio,31102.0,2400,15775.0,47146.0,44700
Concorde Career College-Dallas,42456.0,4200,23978.0,64451.0,59300
Concorde Career Institute-Orlando,34098.0,4200,18167.0,50485.0,41000
Concorde Career College-San Antonio,35242.0,4200,19813.0,50192.0,41800
Johnson & Wales University-Online,43418.0,9100,25436.0,63933.0,68100
Dorsey College-Saginaw,29392.0,4500,13351.0,42074.0,45100
Milan Institute of Cosmetology-El Paso,22378.0,3300,9957.0,38597.0,43800
Universal Technical Institute-Dallas Fort Worth,51222.0,11600,29872.0,74177.0,80300
ICPR Junior College,18694.0,2500,9423.0,32262.0,34300
Artistic Nails and Beauty Academy-Lakeland,20948.0,PS,10502.0,37773.0,PS
Miller-Motte College-Jacksonville,31102.0,2400,15775.0,47146.0,44700
Miller-Motte College-Augusta,31102.0,2400,15775.0,47146.0,44700
Miller-Motte College-Conway,31102.0,2400,15775.0,47146.0,44700
Chamberlain University-Virginia,92405.0,13200,66826.0,120947.0,94100
Ogle School Hair Skin Nails-North Dallas,26885.0,3400,12682.0,43866.0,47000
Mildred Elley-New York Campus,38830.0,3200,16014.0,62525.0,46400
Northeast Technology Center,34457.0,2700,15846.0,49772.0,50200
University of Connecticut-Hartford Campus,73997.0,19000,50150.0,109163.0,101800
Ottawa University-Surprise,55552.0,11200,35894.0,79726.0,78100
Chamberlain University-Missouri,92405.0,13200,66826.0,120947.0,94100
Chamberlain University-Texas,92405.0,13200,66826.0,120947.0,94100
Continental School of Beauty Culture-Mattydale,23906.0,3100,11278.0,38072.0,39100
Paul Mitchell the School-Columbia,26696.0,PS,12652.0,42547.0,PS
Paul Mitchell the School-Charleston,26696.0,PS,12652.0,42547.0,PS
Kenneth Shuler School of Cosmetology-Greenville,23193.0,PS,10075.0,40412.0,PS
Northwest College-Eugene,24421.0,2800,10179.0,39664.0,38200
Northwest College-Tualatin,24421.0,2800,10179.0,39664.0,38200
CET-Soledad,32986.0,4100,14618.0,53343.0,45700
UEI College-Oceanside,31141.0,4600,13730.0,46425.0,51700
Paul Mitchell the School-New Orleans,25699.0,PS,12791.0,41294.0,PS
UEI College-Garden Grove,31141.0,4600,13730.0,46425.0,51700
Dewey University-Manati,19761.0,2100,9317.0,33664.0,35000
Allen School-Phoenix,34186.0,6600,16008.0,50921.0,46900
Oklahoma Technical College,28954.0,3700,14023.0,42320.0,41300
Avalon Institute-Phoenix,30803.0,3700,14464.0,45252.0,42600
Avalon Institute-Layton,30803.0,3700,14464.0,45252.0,42600
Fortis Institute-Lawrenceville,36920.0,6900,19034.0,51136.0,52400
Miller-Motte College-Macon,31102.0,2400,15775.0,47146.0,44700
South University-Savannah Online,34421.0,7100,17463.0,53014.0,67200
San Joaquin Valley College-Temecula,38317.0,5400,19423.0,60326.0,61500
Whitworth University-Adult Degree Programs,58561.0,9500,38934.0,80121.0,81600
Springfield College-Regional Online and Continuing Education,48036.0,13200,29321.0,69087.0,83100
Marian Health Careers Center-Van Nuys Campus,63612.0,13900,46277.0,89650.0,89300
Milan Institute-Las Vegas,24879.0,3400,11469.0,40411.0,38200
Finger Lakes Health College of Nursing & Health Sciences,40054.0,6500,22600.0,57845.0,58100
Paul Mitchell the School-Arlington,28693.0,3400,13515.0,47106.0,55700
UCAS University of Cosmetology Arts & Sciences-La Joya,19880.0,4300,10643.0,33980.0,36000
Chamberlain University-Georgia,92405.0,13200,66826.0,120947.0,94100
Chamberlain University-Indiana,92405.0,13200,66826.0,120947.0,94100
Tulsa Welding School-Jacksonville,41067.0,7200,20174.0,63210.0,80300
Empire Beauty School-Virginia Beach,24407.0,4500,11058.0,41242.0,56800
Ross College-Morgantown,30481.0,4700,15370.0,42929.0,39900
Miami Ad School-New York,106192.0,9800,48682.0,158386.0,167100
West Coast University-Texas,102672.0,PS,61405.0,132904.0,PS
Evangel University-James River Assembly of God Church,46573.0,6100,30919.0,66982.0,65700
Empire Beauty School-Savannah,24022.0,3400,10614.0,40849.0,50500
Ogle School Hair Skin Nails-Denton,31055.0,2500,15138.0,47736.0,47900
Empire Beauty School-West Greensboro,24407.0,4500,11058.0,41242.0,56800
Hays Academy of Hair Design,23712.0,PS,13159.0,35577.0,PS
Bellus Academy,25223.0,3300,9302.0,45871.0,62000
MotoRing Technical Training Institute,48281.0,4700,27509.0,64466.0,55600
Pennsylvania State University-World Campus,63435.0,14400,40301.0,93790.0,94200
South University-Austin,34421.0,7100,17463.0,53014.0,67200
Bryant & Stratton College-Online,32568.0,2600,15518.0,48170.0,46900
Ogle School Hair Skin Nails-San Antonio,31055.0,2500,15138.0,47736.0,47900
Warner Pacific University Professional and Graduate Studies,55204.0,7400,34428.0,78883.0,75700
Platt College-Riverside,40669.0,3300,22121.0,61116.0,65500
Empire Beauty School-Glen Burnie,25073.0,2500,10829.0,39642.0,50000
UEI College-Stockton,31141.0,4600,13730.0,46425.0,51700
Ross Medical Education Center-Dayton,33079.0,4600,17431.0,45637.0,43100
Ross Medical Education Center-Ontario,29898.0,4500,14990.0,42422.0,39500
Ross Medical Education Center-Bowling Green,30060.0,3000,16686.0,39692.0,38000
Florida Institute of Technology-Online,43137.0,20400,21924.0,71519.0,92300
Rasmussen University-Kansas,39080.0,8300,21835.0,57587.0,58200
The College of Health Care Professions-Dallas,38922.0,PS,23111.0,52350.0,PS
The College of Health Care Professions-Fort Worth,33070.0,8100,17182.0,48092.0,54500
Miami Media School,28918.0,7000,16416.0,44265.0,60500
New England Tractor Trailer Training School of CT-Bridgeport,44444.0,6700,22154.0,71036.0,66900
Empire Beauty School-Augusta,23921.0,3000,10818.0,39242.0,41500
South University-High Point,34421.0,7100,17463.0,53014.0,67200
Empire Beauty School-Vernon Hills,24407.0,4500,11058.0,41242.0,56800
Empire Beauty School-Stone Park,24407.0,4500,11058.0,41242.0,56800
San Joaquin Valley College-Lancaster,38317.0,5400,19423.0,60326.0,61500
Empire Beauty School-Rochester,24022.0,3400,10614.0,40849.0,50500
Ross Medical Education Center-Kokomo,33079.0,4600,17431.0,45637.0,43100
Ross Medical Education Center-Erlanger,29898.0,4500,14990.0,42422.0,39500
Ross Medical Education Center-Charleston,30072.0,4400,15686.0,40983.0,40000
InterCoast Colleges-Fairfield,36089.0,2200,16016.0,58901.0,54000
Southern Careers Institute-San Antonio,27035.0,3800,13576.0,41191.0,39300
Milan Institute-Merced,24879.0,3400,11469.0,40411.0,38200
Midwest Technical Institute-Missouri,33601.0,4400,17993.0,49314.0,66000
Augusta University,48472.0,24000,29866.0,72758.0,129400
Middle Georgia State University,40863.0,8800,24759.0,61811.0,63500
Aviation Institute of Maintenance-Las Vegas,48191.0,9100,24355.0,74876.0,78500
UEI College-Bakersfield,27688.0,4500,9833.0,41036.0,62600
DeVry College of New York,45987.0,11500,25449.0,71271.0,91000
DeVry University-Arizona,45987.0,11500,25449.0,71271.0,91000
DeVry University-California,45987.0,11500,25449.0,71271.0,91000
DeVry University-Florida,45987.0,11500,25449.0,71271.0,91000
DeVry University-Georgia,45987.0,11500,25449.0,71271.0,91000
DeVry University-Illinois,45987.0,11500,25449.0,71271.0,91000
DeVry University-Nevada,45987.0,11500,25449.0,71271.0,91000
DeVry University-New Jersey,45987.0,11500,25449.0,71271.0,91000
DeVry University-Ohio,45987.0,11500,25449.0,71271.0,91000
DeVry University-Texas,45987.0,11500,25449.0,71271.0,91000
DeVry University-Virginia,45987.0,11500,25449.0,71271.0,91000
University of North Georgia,50135.0,12400,31299.0,72196.0,76500
South Georgia State College,35697.0,7800,19321.0,54850.0,62800
Northeastern University Professional Programs,92538.0,18800,61560.0,135313.0,112700
American Institute-Toms River,28710.0,3700,13201.0,46812.0,51700
Arizona College-Mesa,34657.0,5100,17281.0,48422.0,45700
American College of Healthcare and Technology,31109.0,PS,14224.0,48441.0,PS
Central Georgia Technical College,30848.0,5500,15625.0,48547.0,47600
Arizona State University Digital Immersion,62668.0,12900,40826.0,92934.0,93300
Paul Mitchell the School-Lombard,27652.0,PS,12454.0,47791.0,PS
Paul Mitchell the School-Greenville,26696.0,PS,12652.0,42547.0,PS
Delta College of Arts & Technology-Lafayette Campus,34222.0,4900,21768.0,51212.0,48400
Delta College-Slidell Campus,32044.0,6500,15300.0,45809.0,43900
Dorsey College-Dearborn,29392.0,4500,13351.0,42074.0,45100
Ross Medical Education Center-Owensboro,30481.0,4700,15370.0,42929.0,39900
Ross Medical Education Center-Evansville,33079.0,4600,17431.0,45637.0,43100
Ross Medical Education Center-Johnson City,33079.0,4600,17431.0,45637.0,43100
North-West College-Anaheim,39876.0,3200,21682.0,61278.0,43000
North-West College-Long Beach,39876.0,3200,21682.0,61278.0,43000
University of Florida-Online,71588.0,15900,47083.0,106122.0,109000
Ogle School Hair Skin Nails-Stafford,31488.0,2700,14608.0,46150.0,46900
University of Phoenix-Arizona,37752.0,13300,18569.0,59631.0,110100
University of Phoenix-California,37752.0,13300,18569.0,59631.0,110100
University of Phoenix-Nevada,37752.0,13300,18569.0,59631.0,110100
University of Phoenix-Texas,37752.0,13300,18569.0,59631.0,110100
Northwest College-Medford,24421.0,2800,10179.0,39664.0,38200
Houston Training Schools-Gessner,18991.0,5100,10248.0,33649.0,38600
Empire Beauty School-Buffalo,22377.0,2200,9788.0,38570.0,38600
Georgia Military College,39257.0,9000,22188.0,58446.0,65400
Beau Monde Academy of Barbering and Cosmetology,24565.0,5300,13685.0,44790.0,46800
West Coast University-Miami,102672.0,PS,61405.0,132904.0,PS
Empire Beauty School-Cheltenham,23921.0,3000,10818.0,39242.0,41500
Coastal Pines Technical College,30214.0,5600,15311.0,47201.0,48100
Empire Beauty School-Northlake,24407.0,4500,11058.0,41242.0,56800
Ross Medical Education Center-Huntsville,30060.0,3000,16686.0,39692.0,38000
Ross Medical Education Center-Knoxville,30072.0,4400,15686.0,40983.0,40000
Ross Medical Education Center-Muncie,29898.0,4500,14990.0,42422.0,39500
Cortiva Institute-Arlington,29204.0,5100,12003.0,42851.0,55800
Tulsa Welding School-Houston,41067.0,7200,20174.0,63210.0,80300
Pima Medical Institute-El Paso,38673.0,4300,21337.0,55482.0,53300
Kennesaw State University,57552.0,9000,36258.0,86280.0,80700
Eastern Suffolk BOCES,63394.0,9300,41200.0,86182.0,79400
Eastern Suffolk BOCES,63394.0,9300,41200.0,86182.0,79400
Milligan University,46641.0,12100,33603.0,70084.0,75800
Chamberlain University-Nevada,92405.0,13200,66826.0,120947.0,94100
Chamberlain University-Michigan,92405.0,13200,66826.0,120947.0,94100
Chamberlain University-New Jersey,92405.0,13200,66826.0,120947.0,94100
Emory University-Oxford College,80137.0,18300,57523.0,120080.0,135900
The Chicago School at Xavier University of Louisiana,56899.0,PS,37351.0,81942.0,PS
Southern Regional Technical College,31293.0,6300,17357.0,46945.0,50900
Texas College of Cosmetology-Lubbock,21685.0,PS,10345.0,36078.0,PS
Fortis College-Cuyahoga Falls,34509.0,4400,17887.0,52189.0,48200
Jones Technical Institute,24576.0,PS,10495.0,42795.0,PS
Texas State Technical College,38916.0,7100,20505.0,61396.0,77500
Arizona College of Nursing-Las Vegas,34657.0,5100,17281.0,48422.0,45700
Florida Career College-Pembroke Pines,28928.0,8400,14577.0,44000.0,68600
Florida Career College-West Palm Beach,28928.0,8400,14577.0,44000.0,68600
Florida Career College-Hialeah,28928.0,8400,14577.0,44000.0,68600
Florida Career College-Lauderdale Lakes,28928.0,8400,14577.0,44000.0,68600
Florida Career College-Tampa,28928.0,8400,14577.0,44000.0,68600
Florida Career College-Jacksonville,28928.0,8400,14577.0,44000.0,68600
Florida Career College-Boynton Beach,28928.0,8400,14577.0,44000.0,68600
Florida Career College-Margate,28928.0,8400,14577.0,44000.0,68600
Florida Career College-Orlando,28928.0,8400,14577.0,44000.0,68600
UEI College-Phoenix,31141.0,4600,13730.0,46425.0,51700
Florida Career College-Houston,28928.0,8400,14577.0,44000.0,68600
Husson University,45025.0,12100,27453.0,69617.0,73700
Concorde Career College-Southaven,31599.0,5800,16825.0,45927.0,42700
Universal Technical Institute-Southern California,52873.0,12500,33274.0,74276.0,78900
Northwest University-Center for Online and Extended Education,54914.0,7200,31694.0,83872.0,78300
Celebrity Barber School,22002.0,PS,12409.0,42799.0,PS
Indiana Wesleyan University-National & Global,59986.0,12300,38195.0,88091.0,93300
Tulsa Technology Center,41793.0,10100,20286.0,64256.0,69900
Ross Medical Education Center-Elyria,30481.0,4700,15370.0,42929.0,39900
Ross Medical Education Center-Lafayette,33079.0,4600,17431.0,45637.0,43100
Ross Medical Education Center-Midland,29898.0,4500,14990.0,42422.0,39500
Paul Mitchell the School-Clear Lake,27384.0,PS,12668.0,48523.0,PS
Paul Mitchell the School-Nampa,25719.0,1400,10837.0,42369.0,36300
Academy of Beauty Professionals,25117.0,PS,10267.0,38010.0,PS
Academy of Beauty Professionals,25117.0,PS,10267.0,38010.0,PS
Academy of Beauty Professionals,25117.0,PS,10267.0,38010.0,PS
Kenneth Shuler School of Cosmetology-Goose Creek,25088.0,PS,12597.0,37867.0,PS
The College of Health Care Professions-McAllen Campus,33070.0,8100,17182.0,48092.0,54500
Chamberlain University-North Carolina,92405.0,13200,66826.0,120947.0,94100
Chamberlain University-California,92405.0,13200,66826.0,120947.0,94100
Spartan College of Aeronautics and Technology,61575.0,9400,36033.0,90174.0,81500
Purdue University Global,36596.0,7500,18664.0,56379.0,78100
West Coast University-Center for Graduate Studies,102672.0,PS,61405.0,132904.0,PS
Carolina University,32864.0,4300,13802.0,51207.0,58300
Purdue University Northwest,48318.0,8900,27192.0,75170.0,78500
Ross Medical Education Center-Portage,30060.0,3000,16686.0,39692.0,38000
Ross College-Canton,29898.0,4500,14990.0,42422.0,39500
Ross College-Grand Rapids North,30072.0,4400,15686.0,40983.0,40000
American Institute-Somerset,28710.0,3700,13201.0,46812.0,51700
Platt College-Anaheim,40669.0,3300,22121.0,61116.0,65500
Fortis College-Cutler Bay,34726.0,4700,18147.0,53141.0,53700
Empire Beauty School-Tampa,23921.0,3000,10818.0,39242.0,41500
Empire Beauty School-Lakeland,23589.0,2800,10335.0,39321.0,41400
Galen College of Nursing-ARH,61480.0,7200,39823.0,83347.0,62800
The Chicago School at San Diego,56899.0,PS,37351.0,81942.0,PS
University of Wisconsin-Milwaukee Flex,54990.0,12600,36406.0,76601.0,74700
University of Wisconsin-Parkside Flex,51129.0,10800,33245.0,72867.0,70500
Miller-Motte College-STVT-Arlington,31102.0,2400,15775.0,47146.0,44700
The Salon Professional Academy-Delray Beach,16515.0,PS,7246.0,33330.0,PS
Pima Medical Institute-San Marcos,38673.0,4300,21337.0,55482.0,53300
EDP University of Puerto Rico-Villalba,22844.0,3600,11249.0,39209.0,39200
The Chicago School at Dallas,56899.0,PS,37351.0,81942.0,PS
The College of Health Care Professions-South San Antonio,33070.0,8100,17182.0,48092.0,54500
Chamberlain University-Louisiana,92405.0,13200,66826.0,120947.0,94100
Drury University-College of Continuing Professional Studies,40694.0,7400,22819.0,61963.0,66800
Salon Success Academy-West Covina,26956.0,PS,10535.0,43469.0,PS
Indiana Institute of Technology-College of Professional Studies,47327.0,9600,28223.0,70604.0,82000
Advantage Technical College,26905.0,4200,16230.0,48270.0,42300
Universal Technical Institute-Bloomfield,51222.0,11600,29872.0,74177.0,80300
Southern Careers Institute-Waco,27035.0,3800,13576.0,41191.0,39300
Arizona College of Nursing-Dallas,34657.0,5100,17281.0,48422.0,45700
The Salon Professional Academy-Washington DC,20809.0,PS,9721.0,35549.0,PS
Valley College-Cleveland,24900.0,PS,11892.0,37503.0,PS
EDP University of Puerto Rico-Humacao,22844.0,3600,11249.0,39209.0,39200
EDP University of Puerto Rico-Manati,22844.0,3600,11249.0,39209.0,39200
Fortis Institute-Cookeville,34509.0,4400,17887.0,52189.0,48200
Pima Medical Institute-San Antonio,38673.0,4300,21337.0,55482.0,53300
North-West College-San Diego,41472.0,4500,22023.0,66073.0,56800
West Virginia Junior College-United Career Institute,31912.0,4800,17949.0,46876.0,45500
Aviation Institute of Maintenance-Charlotte,42759.0,12900,20349.0,63429.0,71300
Fortis College-Landover,36920.0,6900,19034.0,51136.0,52400
Stautzenberger College-Rockford Career College,34104.0,6200,18240.0,48517.0,64000
PCI Academy-Iowa City,31330.0,PS,13811.0,45408.0,PS
Paul Mitchell the School-Provo,27407.0,PS,11560.0,46712.0,PS
Arizona College of Nursing-Tampa,34657.0,5100,17281.0,48422.0,45700
Arizona College of Nursing-Fort Lauderdale,34657.0,5100,17281.0,48422.0,45700
Arizona College of Nursing-Tucson,34657.0,5100,17281.0,48422.0,45700
Arizona College of Nursing-Phoenix,34657.0,5100,17281.0,48422.0,45700
Empire Beauty School-Newport News,23921.0,3000,10818.0,39242.0,41500
Paul Mitchell the School-Murfreesboro-Nashville,30461.0,PS,12974.0,44642.0,PS
Dorsey College-Woodhaven,29392.0,4500,13351.0,42074.0,45100
San Joaquin Valley College-Delano,38317.0,5400,19423.0,60326.0,61500
San Joaquin Valley College-Rancho Mirage,38317.0,5400,19423.0,60326.0,61500
San Joaquin Valley College-Santa Maria,38317.0,5400,19423.0,60326.0,61500
Advantage Technical College-Aguadilla,26905.0,4200,16230.0,48270.0,42300
San Joaquin Valley College-Porterville,38317.0,5400,19423.0,60326.0,61500
Triangle Tech-Chambersburg,51953.0,6900,28155.0,73121.0,69400
Provo College-Idaho Falls Campus,39645.0,3300,20033.0,60287.0,54200
Eagle Gate College-Boise Campus,37518.0,4600,20717.0,54175.0,58000
UEI College-Mesa,31141.0,4600,13730.0,46425.0,51700
Herzing University-Tampa,36909.0,12300,19077.0,56514.0,77200
Galen Health Institutes-Miami Campus,61480.0,7200,39823.0,83347.0,62800
Remington College-Online Dallas,31349.0,5600,16051.0,44946.0,56900
Abilene Christian University-Undergraduate Online,55736.0,9600,36361.0,80010.0,78700
Ogle School Hair Skin Nails-Willowbrook,31488.0,2700,14608.0,46150.0,46900
Galen Health Institutes-Austin Campus,61480.0,7200,39823.0,83347.0,62800
Galen Health Institutes-Nashville Campus,61480.0,7200,39823.0,83347.0,62800
Ohio Business College-Dayton-Driving Academy,30389.0,5300,14824.0,43009.0,44800
Salon Professional Academy-Elevate Salon Institute,16515.0,PS,7246.0,33330.0,PS
Arizona College of Nursing-Salt Lake City,34657.0,5100,17281.0,48422.0,45700
Arizona College-Glendale,34657.0,5100,17281.0,48422.0,45700
Universal Technical Institute-West Texas,51222.0,11600,29872.0,74177.0,80300
Avalon Institute-Las Vegas,30803.0,3700,14464.0,45252.0,42600
American Institute-Cherry Hill,28710.0,3700,13201.0,46812.0,51700
Glendale Career College-North-West College-Bakersfield,41472.0,4500,22023.0,66073.0,56800
American College of Healthcare and Technology-Santa Ana,31109.0,PS,14224.0,48441.0,PS
Evangel University-College of Online Learning,46573.0,6100,30919.0,66982.0,65700
Marian University-Ancilla,58759.0,11000,39146.0,84617.0,73700
Spa Tech Institute-North Andover,27803.0,5300,13940.0,46812.0,50900
Aveda Arts & Sciences Institute Lafayette-Arlington,23904.0,PS,9147.0,39256.0,PS
Concorde Career College-Broadway,35242.0,4200,19813.0,50192.0,41800
United Education Institute-Stone Mountain,27688.0,4500,9833.0,41036.0,62600
Montgomery Beauty School-Baltimore Beauty & Barber School,18726.0,4300,9246.0,40165.0,41200
Commonwealth of Puerto Rico Department of Education-PRAMI,26293.0,4700,14236.0,40523.0,44000
Universal Technical Institute-South Florida Miramar,52873.0,12500,33274.0,74276.0,78900
Arizona College of Nursing-Southfield,34657.0,5100,17281.0,48422.0,45700
Galen Health Institutes-Sarasota,61480.0,7200,39823.0,83347.0,62800
Galen Health Institutes-Gainesville,61480.0,7200,39823.0,83347.0,62800
Galen Health Institutes-Richmond,61480.0,7200,39823.0,83347.0,62800
Galen Health Institutes-Myrtle Beach,61480.0,7200,39823.0,83347.0,62800
Galen Health Institutes-Asheville,61480.0,7200,39823.0,83347.0,62800
Arizona College of Nursing-Falls Church,34657.0,5100,17281.0,48422.0,45700
Arizona College of Nursing-Ontario,34657.0,5100,17281.0,48422.0,45700
Galen Health Institutes-Houston,61480.0,7200,39823.0,83347.0,62800
Galen Health Institutes-Pikeville,61480.0,7200,39823.0,83347.0,62800
Commonwealth University of Pennsylvania,52416.0,14100,35693.0,72563.0,75900
Pennsylvania Western University,47295.0,9700,30587.0,64952.0,69600
Collectiv Hair Dressing Academy-Collectiv Academy-Dallas,29334.0,PS,7354.0,39869.0,PS
Herzing University-Nashville,36909.0,12300,19077.0,56514.0,77200
Dorsey College-Grand Rapids,29392.0,4500,13351.0,42074.0,45100
Baltimore Beauty & Barber School II,18172.0,PS,7428.0,34353.0,PS
Galen Health Institutes-Dallas,61480.0,7200,39823.0,83347.0,62800
Galen Health Institutes-Roanoke,61480.0,7200,39823.0,83347.0,62800
Galen Health Institutes-Wichita,61480.0,7200,39823.0,83347.0,62800
Galen Health Institutes-Salt Lake City,61480.0,7200,39823.0,83347.0,62800
Academy of Cosmetology Barbering and Esthetics,18636.0,PS,10660.0,33528.0,PS
Arizona College of Nursing-Sarasota,34657.0,5100,17281.0,48422.0,45700
Arizona College of Nursing-Aurora,34657.0,5100,17281.0,48422.0,45700
Arizona College of Nursing-Cincinnati,34657.0,5100,17281.0,48422.0,45700
Arizona College of Nursing-Cleveland,34657.0,5100,17281.0,48422.0,45700
Glendale Career College-North-West College-MFSON,41472.0,4500,22023.0,66073.0,56800
Gwinnett Institute,33735.0,PS,15967.0,45724.0,PS
EDP University of Puerto Rico-Caguas,22844.0,3600,11249.0,39209.0,39200
Aviation Institute of Maintenance-Phoenix,42759.0,12900,20349.0,63429.0,71300
Galen Health Institutes-Las Vegas,61480.0,7200,39823.0,83347.0,62800
Tulsa Welding School-Dallas Campus,41067.0,7200,20174.0,63210.0,80300
Troy University-Phenix City Campus,42062.0,9700,24464.0,61119.0,70800
Troy University-Montgomery Campus,42062.0,9700,24464.0,61119.0,70800
Troy University-Dothan Campus,42062.0,9700,24464.0,61119.0,70800
Troy University-Online,42062.0,9700,24464.0,61119.0,70800
Troy University-Support Sites,42062.0,9700,24464.0,61119.0,70800
Arizona State University-West Valley,62668.0,12900,40826.0,92934.0,93300
Arizona State University-Polytechnic,62668.0,12900,40826.0,92934.0,93300
Arizona State University-Downtown Phoenix,62668.0,12900,40826.0,92934.0,93300
Arizona State University - Tucson,62668.0,12900,40826.0,92934.0,93300
Arizona State University - Lake Havasu,62668.0,12900,40826.0,92934.0,93300
Arizona State University - The Gila Valley,62668.0,12900,40826.0,92934.0,93300
Arizona State University - Yuma,62668.0,12900,40826.0,92934.0,93300
Arizona State University - Pinal,62668.0,12900,40826.0,92934.0,93300
Arizona State University - Cochise,62668.0,12900,40826.0,92934.0,93300
Arizona State University - Yavapai,62668.0,12900,40826.0,92934.0,93300
Arizona State University - Pima,62668.0,12900,40826.0,92934.0,93300
Arizona State University - Washington D.C.,62668.0,12900,40826.0,92934.0,93300
Arizona State University - Northeastern Arizona,62668.0,12900,40826.0,92934.0,93300
Arizona State University - Mesa City Center,62668.0,12900,40826.0,92934.0,93300
Arkansas College of Barbering and Hair Design,16209.0,PS,6850.0,35021.0,PS
Harding School of Theology,52876.0,9000,34804.0,76562.0,77800
Career Academy of Hair Design-Siloam Springs,21567.0,PS,10741.0,39917.0,PS
Career Academy of Hair Design-Rogers,21567.0,PS,10741.0,39917.0,PS
Career Academy of Hair Design-Fayetteville,21567.0,PS,10741.0,39917.0,PS
Career Academy of Hair Design - Fort Smith,21567.0,PS,10741.0,39917.0,PS
University of Arkansas Community College at Hope - Texarkana,34162.0,3700,18811.0,51602.0,54400
Alliant International University-Fresno,66666.0,12000,36440.0,86915.0,103900
Alliant International University-Los Angeles,66666.0,12000,36440.0,86915.0,103900
Alliant International University-San Francisco Bay Area,66666.0,12000,36440.0,86915.0,103900
Alliant International University-Irvine,66666.0,12000,36440.0,86915.0,103900
Alliant International University-Sacramento,66666.0,12000,36440.0,86915.0,103900
Alliant International University - Phoenix,66666.0,12000,36440.0,86915.0,103900
Casa Loma College - Nashville,49854.0,10000,24231.0,76711.0,84600
Golden Gate University-Seattle,87434.0,18200,50211.0,133774.0,122800
Golden Gate University-Silicon Valley,87434.0,18200,50211.0,133774.0,122800
Humphreys College-Modesto,39248.0,4600,19100.0,58278.0,62500
IDEA at ATEP,49156.0,6000,23055.0,81620.0,85500
Life Pacific University-Virginia,43299.0,5200,26248.0,68649.0,72800
MiraCosta College - San Elijo Campus,43845.0,3800,22652.0,64861.0,61500
Mount Saint Mary's University - Doheny Campus,72379.0,14300,44640.0,114343.0,103700
San Diego State University-Imperial Valley Campus,64909.0,12600,39563.0,94570.0,92000
San Joaquin Delta College,43212.0,5100,21498.0,66072.0,66300
Jesuit School of Theology of Santa Clara University,109183.0,21600,70946.0,160882.0,139000
Thomas Aquinas College - New England,55619.0,PS,22141.0,79990.0,PS
Victor Valley Community College - Aviation Technology,36119.0,3800,15917.0,60943.0,72600
Colorado Technical University-Denver South,37180.0,11800,18869.0,57737.0,101900
Otero College - La Junta High School,39018.0,5100,21189.0,60668.0,58700
Goodwin University - Bridgeport Campus,43596.0,3800,24711.0,65487.0,51400
Porter and Chester Institute of Enfield,41588.0,7400,21062.0,61919.0,68500
Porter and Chester Institute of Waterbury,41588.0,7400,21062.0,61919.0,68500
Porter and Chester Institute of Worcester,41588.0,7400,21062.0,61919.0,68500
Porter and Chester Institute - New London,41588.0,7400,21062.0,61919.0,68500
Porter and Chester Institute - Brockton,41588.0,7400,21062.0,61919.0,68500
Porter and Chester Institute - Chicopee,41588.0,7400,21062.0,61919.0,68500
Porter and Chester Institute - New London 2,41588.0,7400,21062.0,61919.0,68500
Delaware Technical Community College-Owens,41448.0,6700,23434.0,61211.0,64100
Delaware Technical Community College-Stanton/Wilmington,41448.0,6700,23434.0,61211.0,64100
Barry University Law School,55966.0,13800,34258.0,83130.0,93200
Keiser University-Melbourne,39696.0,4900,21628.0,60050.0,62400
Keiser University-Tallahassee,39696.0,4900,21628.0,60050.0,62400
Keiser University-Daytona,39696.0,4900,21628.0,60050.0,62400
Keiser University-Lakeland,39696.0,4900,21628.0,60050.0,62400
Keiser University- Miami,39696.0,4900,21628.0,60050.0,62400
Keiser University-Orlando,39696.0,4900,21628.0,60050.0,62400
Keiser University-Sarasota,39696.0,4900,21628.0,60050.0,62400
Keiser University-Jacksonville,39696.0,4900,21628.0,60050.0,62400
Keiser University-Tampa,39696.0,4900,21628.0,60050.0,62400
Keiser University-Pembroke Pines,39696.0,4900,21628.0,60050.0,62400
Keiser University-Port St Lucie,39696.0,4900,21628.0,60050.0,62400
Keiser University-West Palm Beach,39696.0,4900,21628.0,60050.0,62400
Keiser University-Ft Myers,39696.0,4900,21628.0,60050.0,62400
Keiser University -  Clearwater,39696.0,4900,21628.0,60050.0,62400
Keiser University - New Port Richey,39696.0,4900,21628.0,60050.0,62400
Keiser University - Residential (Flagship),39696.0,4900,21628.0,60050.0,62400
Maynard A. Traviss Technical College - Central Florida Aerospace Academy,39813.0,4700,22593.0,56020.0,59000
Miami Lakes Educational Center and Technical College -,37543.0,5900,17342.0,61088.0,53900
Rasmussen University-Central Pasco,39080.0,8300,21835.0,57587.0,58200
Rasmussen University-Fort Myers,39080.0,8300,21835.0,57587.0,58200
Rasmussen University-Tampa/Brandon,39080.0,8300,21835.0,57587.0,58200
Rasmussen University-North Orlando,39080.0,8300,21835.0,57587.0,58200
East Georgia State College - Statesboro,37174.0,9400,21086.0,56384.0,58800
East Georgia State College - Augusta,37174.0,9400,21086.0,56384.0,58800
Triton College - Intl Union of Operating Engr Local 399 Trning Fac.,41728.0,7200,21791.0,62463.0,71000
PJ's College of Cosmetology- Brownsburg,22402.0,PS,11471.0,35886.0,PS
PJ's College of Cosmetology- Jeffersonville,22402.0,PS,11471.0,35886.0,PS
Ivy Tech Community College-South Bend/Elkhart,37186.0,5700,18879.0,55544.0,58200
Ivy Tech Community College-Columbus,37186.0,5700,18879.0,55544.0,58200
Ivy Tech Community College-Muncie,37186.0,5700,18879.0,55544.0,58200
Ivy Tech Community College-Kokomo,37186.0,5700,18879.0,55544.0,58200
Ivy Tech Community College-Lafayette,37186.0,5700,18879.0,55544.0,58200
Ivy Tech Community College-Fort Wayne,37186.0,5700,18879.0,55544.0,58200
Ivy Tech Community College-Sellersburg,37186.0,5700,18879.0,55544.0,58200
Ivy Tech Community College-Evansville,37186.0,5700,18879.0,55544.0,58200
Ivy Tech Community College-Terre Haute,37186.0,5700,18879.0,55544.0,58200
Ivy Tech Community College-Richmond,37186.0,5700,18879.0,55544.0,58200
Ivy Tech Community College-Lake County,37186.0,5700,18879.0,55544.0,58200
Ivy Tech Community College-Madison,37186.0,5700,18879.0,55544.0,58200
Ivy Tech Community College-Bloomington,37186.0,5700,18879.0,55544.0,58200
Ivy Tech Community College-Indianapolis,37186.0,5700,18879.0,55544.0,58200
Ivy Tech Community College-Marion,37186.0,5700,18879.0,55544.0,58200
Ivy Tech Community College-Valparaiso,37186.0,5700,18879.0,55544.0,58200
Ivy Tech Community College-Lawrenceburg,37186.0,5700,18879.0,55544.0,58200
Ivy Tech Community College-Hamilton County,37186.0,5700,18879.0,55544.0,58200
Ivy Tech Community College-Anderson,37186.0,5700,18879.0,55544.0,58200
University of Notre Dame -,99980.0,26000,67690.0,141307.0,154400
Graceland University - Independence,47361.0,12100,31336.0,72886.0,67100
Graceland University - Trenton,47361.0,12100,31336.0,72886.0,67100
Baker University School of Nursing,63855.0,15000,42665.0,90310.0,89300
Coffeyville Technical Campus,35246.0,5100,19276.0,53374.0,64800
Columbus Technical Campus,35246.0,5100,19276.0,53374.0,64800
PJ's College of Cosmetology- Greenfield,20392.0,2900,8563.0,37477.0,37700
PJ's College of Cosmetology- Muncie,20392.0,2900,8563.0,37477.0,37700
PJ's College of Cosmetology- Indianapolis,20392.0,2900,8563.0,37477.0,37700
PJ's College of Cosmetology- Plainfield,20392.0,2900,8563.0,37477.0,37700
PJ's College of Cosmetology- Louisville,20392.0,2900,8563.0,37477.0,37700
Southeastern Louisiana University - EBR Parish School System Prof Dev,46482.0,8400,29383.0,68123.0,70200
Southeastern Louisiana University - St Amant High School,46482.0,8400,29383.0,68123.0,70200
Southeastern Louisiana University - Destrahan High School,46482.0,8400,29383.0,68123.0,70200
Southeastern Louisiana University - Albert Cammon Middle School,46482.0,8400,29383.0,68123.0,70200
Beal University,35639.0,6800,18492.0,52500.0,48500
University of Maine - Machias,48653.0,13500,33048.0,75674.0,78400
Empire Beauty School-Bangor,23925.0,2800,10394.0,40316.0,34700
Unity Environmental University,37852.0,11100,24175.0,53204.0,61200
Unity Environmental University - Unity,37852.0,11100,24175.0,53204.0,61200
Baker College of Cadillac,35833.0,5000,17637.0,54694.0,60500
Baker College of Jackson,35833.0,5000,17637.0,54694.0,60500
Baker College of Muskegon,35833.0,5000,17637.0,54694.0,60500
Baker College - Royal Oak Campus,35833.0,5000,17637.0,54694.0,60500
Calvin University - Handlon Campus,58375.0,10400,38181.0,82853.0,79400
Davenport University-Warren Location,45099.0,6200,24736.0,67837.0,65400
Davenport University-Kalamazoo Location,45099.0,6200,24736.0,67837.0,65400
Davenport University-Lansing Location,45099.0,6200,24736.0,67837.0,65400
Davenport University-Midland Location,45099.0,6200,24736.0,67837.0,65400
Davenport University-Traverse City Location,45099.0,6200,24736.0,67837.0,65400
Davenport University - Wayne CCCD,45099.0,6200,24736.0,67837.0,65400
Davenport University - Detroit,45099.0,6200,24736.0,67837.0,65400
Anoka-Ramsey Community College-Cambridge Campus,48342.0,9600,29989.0,69840.0,70400
Central Lakes College-Staples Campus,42162.0,7800,23264.0,61365.0,65800
M State - Detroit Lakes Campus,45591.0,8300,27741.0,65116.0,65200
M State - Moorhead Campus,45591.0,8300,27741.0,65116.0,65200
M State - Wadena Campus,45591.0,8300,27741.0,65116.0,65200
Minnesota North College - Itasca,45570.0,7400,27113.0,67803.0,75300
Minnesota North College - Mesabi Range Virginia,45570.0,7400,27113.0,67803.0,75300
Minnesota North College - Mesabi Range Eveleth,45570.0,7400,27113.0,67803.0,75300
Minnesota North College - Rainy River,45570.0,7400,27113.0,67803.0,75300
Minnesota North College - Vermilion,45570.0,7400,27113.0,67803.0,75300
South Central College-Faribault,45068.0,9000,29090.0,63729.0,62000
Mayo Clinic College of Medicine and Science - Florida,79652.0,PS,66112.0,91612.0,PS
Mayo Clinic College of Medicine and Science - Arizona,79652.0,PS,66112.0,91612.0,PS
Northland Community and Technical College - East Grand Forks,44425.0,9600,26704.0,62327.0,68200
Rasmussen University-Bloomington,39080.0,8300,21835.0,57587.0,58200
Rasmussen University-Eagan,39080.0,8300,21835.0,57587.0,58200
Rasmussen University-Mankato,39080.0,8300,21835.0,57587.0,58200
Rasmussen University-Lake Elmo/Woodbury,39080.0,8300,21835.0,57587.0,58200
Rasmussen University-Hennepin/Anoka,39080.0,8300,21835.0,57587.0,58200
Minnesota State CollegeSoutheast-Red Wing Campus,43613.0,8800,26454.0,63715.0,60600
Copiah-Lincoln Community College Simpson County Center,31241.0,5500,17521.0,49086.0,59700
Copiah-Lincoln Community College-Natchez Campus,31241.0,5500,17521.0,49086.0,59700
University of Mississippi Medical Center,50994.0,13200,33733.0,78452.0,96700
Pearl River Community College-Forrest County Campus,33019.0,6100,16868.0,53245.0,64000
PRCC Hancock Aviation Aerospace Workforce Academy,33019.0,6100,16868.0,53245.0,64000
Columbia College - Redstone Arsenal,45378.0,9900,26967.0,67837.0,79300
Columbia College - NAS Jacksonville,45378.0,9900,26967.0,67837.0,79300
Columbia College - Orlando,45378.0,9900,26967.0,67837.0,79300
Columbia College - Crystal Lake Campus,45378.0,9900,26967.0,67837.0,79300
Columbia College - Kansas City,45378.0,9900,26967.0,67837.0,79300
Columbia College - Fort Leonard Wood,45378.0,9900,26967.0,67837.0,79300
Columbia College - Jefferson City,45378.0,9900,26967.0,67837.0,79300
Columbia College - Lake Ozark,45378.0,9900,26967.0,67837.0,79300
Columbia College - Saint Louis,45378.0,9900,26967.0,67837.0,79300
Columbia College - Fort Worth,45378.0,9900,26967.0,67837.0,79300
Columbia College - Salt Lake,45378.0,9900,26967.0,67837.0,79300
Columbia College - Lake County,45378.0,9900,26967.0,67837.0,79300
Columbia College - Naval Station Everett/Marysville,45378.0,9900,26967.0,67837.0,79300
Columbia College - Freeport,45378.0,9900,26967.0,67837.0,79300
Columbia College - Springfield,45378.0,9900,26967.0,67837.0,79300
Columbia College - Rolla,45378.0,9900,26967.0,67837.0,79300
Columbia College - Los Alamitos,45378.0,9900,26967.0,67837.0,79300
Columbia College - Fort Stewart,45378.0,9900,26967.0,67837.0,79300
Columbia College - Hunter Army Airfield,45378.0,9900,26967.0,67837.0,79300
Columbia College - Elgin,45378.0,9900,26967.0,67837.0,79300
Columbia College - Whidbey Island,45378.0,9900,26967.0,67837.0,79300
Columbia College - Fort Sill,45378.0,9900,26967.0,67837.0,79300
Columbia College - San Diego,45378.0,9900,26967.0,67837.0,79300
Columbia College - Mesquite,45378.0,9900,26967.0,67837.0,79300
Columbia College - Waynesville,45378.0,9900,26967.0,67837.0,79300
Columbia College - Naval Base San Diego,45378.0,9900,26967.0,67837.0,79300
Columbia College - Imperial,45378.0,9900,26967.0,67837.0,79300
Columbia College - NSB Kings Bay,45378.0,9900,26967.0,67837.0,79300
Columbia College - Springfield TMobile,45378.0,9900,26967.0,67837.0,79300
Columbia College - Eastfield Pleasant Grove,45378.0,9900,26967.0,67837.0,79300
Columbia College - Fort Leonard Wood 58th Trans BN,45378.0,9900,26967.0,67837.0,79300
Columbia College - USCG Base Honolulu,45378.0,9900,26967.0,67837.0,79300
Columbia College - Tavares PD,45378.0,9900,26967.0,67837.0,79300
Columbia College - Denver,45378.0,9900,26967.0,67837.0,79300
Columbia College - Whiteman AFB,45378.0,9900,26967.0,67837.0,79300
City College Montana State University Billings,44296.0,6800,25006.0,65133.0,68200
American Institute,28710.0,3700,13201.0,46812.0,51700
Monmouth University -  Monmouth Park Corporate Center,67991.0,13900,48950.0,95681.0,88900
Bard College - Holyoke Microcollege,46543.0,5600,22114.0,74224.0,77000
Bard College - Coxsackie Correctional Facility,46543.0,5600,22114.0,74224.0,77000
Bard College - Eastern NY Correctional Facility,46543.0,5600,22114.0,74224.0,77000
Bard College - Fishkill Correctional Facility,46543.0,5600,22114.0,74224.0,77000
Bard College - Green Haven Correctional Facility,46543.0,5600,22114.0,74224.0,77000
Bard College - Taconic Correctional Facility,46543.0,5600,22114.0,74224.0,77000
Bard College - Woodbourne Correctional Facility,46543.0,5600,22114.0,74224.0,77000
Bard College - BHSEC Newark,46543.0,5600,22114.0,74224.0,77000
Bard College - Brooklyn Public Library,46543.0,5600,22114.0,74224.0,77000
Bard College - New York Public Library Countee Cullen Branch,46543.0,5600,22114.0,74224.0,77000
Bard College - Bard Globalization and International Affairs Program,46543.0,5600,22114.0,74224.0,77000
Bard College - Albion Correctional Facility,46543.0,5600,22114.0,74224.0,77000
Bryant & Stratton College-Syracuse,32568.0,2600,15518.0,48170.0,46900
Bryant & Stratton College-Amherst,32568.0,2600,15518.0,48170.0,46900
Bryant & Stratton College-Southtowns,32568.0,2600,15518.0,48170.0,46900
Bryant & Stratton College-Henrietta,32568.0,2600,15518.0,48170.0,46900
Clarkson University Capital Region Campus,89696.0,24800,62112.0,112758.0,108800
Culinary Institute of America at Greystone,47475.0,12000,27262.0,71624.0,76200
Culinary Institute of America San Antonio,47475.0,12000,27262.0,71624.0,76200
CUNY Brooklyn College - Feirstein Graduate School of Cinema,60752.0,9400,31888.0,87936.0,87900
Jamestown Business College -,34976.0,5000,19619.0,49131.0,45800
NYSMedical&Dental Assistants - American Institute of Clinical Massage,38899.0,7400,20195.0,52257.0,53300
Pratt Manhattan-A Division of Pratt Institute,54295.0,6900,26250.0,90075.0,82300
Saint John's University - Staten Island Campus,69571.0,13200,40573.0,103666.0,111800
Gaston College,35386.0,5100,18295.0,51204.0,54100
Winston - Salem Barber School - Satellite,16389.0,PS,7323.0,43728.0,PS
Bryant & Stratton College-Akron,32568.0,2600,15518.0,48170.0,46900
Bryant & Stratton College-Solon,32568.0,2600,15518.0,48170.0,46900
Adult & Community Education Columbus City Schools - Fort Hayes Career,51551.0,3600,30226.0,67109.0,73600
Kettering College - Ollie Davis Medical Arts and Education Center,67492.0,11700,42545.0,86850.0,109200
Mount Carmel College of Nursing - Fairfield,75103.0,27400,50015.0,95125.0,84300
Bushnell University - Roseburg Campus,53623.0,7300,32538.0,75230.0,85100
The Beauty Institute,24785.0,PS,9703.0,42279.0,PS
Bucks County Community College-Upper Bucks Campus,47324.0,7600,27775.0,72979.0,73700
Bucks County Community College-Gene and Marlene Epstein Campus at Lower Bucks,47324.0,7600,27775.0,72979.0,73700
Harrisburg Area Community College-Lancaster,42007.0,7700,24137.0,62654.0,65200
Harrisburg Area Community College-Gettysburg,42007.0,7700,24137.0,62654.0,65200
Harrisburg Area Community College-Lebanon,42007.0,7700,24137.0,62654.0,65200
Harrisburg Area Community College-York,42007.0,7700,24137.0,62654.0,65200
UPMC Jameson School of Nursing - UPMC Hamot,70472.0,PS,41718.0,80021.0,PS
New Castle School of Trades,44814.0,6300,24833.0,62922.0,63600
New Castle School of Trades - East Liverpool Campus,44814.0,6300,24833.0,62922.0,63600
Northampton County Area Community College-Monroe,41566.0,7100,23180.0,62111.0,65400
UPMC Shadyside - at UPMC Harrisburg,68801.0,PS,47212.0,85148.0,PS
South Hills School of Business and Technology-Altoona,35539.0,7700,21221.0,50897.0,57600
Tennessee College of Applied Technology-Jacksboro,36449.0,3300,17921.0,51924.0,49600
South College-Asheville,36642.0,2700,20815.0,54039.0,47400
South College-Nashville,36642.0,2700,20815.0,54039.0,47400
South College-Atlanta,36642.0,2700,20815.0,54039.0,47400
South College - Indianapolis,36642.0,2700,20815.0,54039.0,47400
South College - Orlando,36642.0,2700,20815.0,54039.0,47400
San Jacinto College-North Campus,43062.0,8200,22889.0,66232.0,75600
San Jacinto College-South Campus,43062.0,8200,22889.0,66232.0,75600
San Jacinto Community College District - Generation Park Campus,43062.0,8200,22889.0,66232.0,75600
Texas A & M University Health Science Center,72097.0,19600,48234.0,106337.0,110600
Snow College-Richfield Campus,41022.0,4000,23314.0,64819.0,64500
Bluefield College - Edward Via College of Osteopathic Medicine,48896.0,12600,32976.0,72675.0,87100
Bryant & Stratton College-Richmond,32568.0,2600,15518.0,48170.0,46900
Bryant & Stratton College-Hampton,32568.0,2600,15518.0,48170.0,46900
Tidewater Tech - Priority Automotive Tidewater Tech Learning Center,31657.0,PS,14476.0,51618.0,PS
Strayer University-Alexandria Campus,40092.0,11500,20698.0,62129.0,106500
Strayer University-Woodbridge Campus,40092.0,11500,20698.0,62129.0,106500
Strayer University-Loudoun Campus,40092.0,11500,20698.0,62129.0,106500
Strayer University-Fredericksburg Campus,40092.0,11500,20698.0,62129.0,106500
Strayer University-Chesterfield Campus,40092.0,11500,20698.0,62129.0,106500
Strayer University-Newport News Campus,40092.0,11500,20698.0,62129.0,106500
Strayer University-Virginia Beach Campus,40092.0,11500,20698.0,62129.0,106500
Shoreline Community College - CNC Machinists Program  Georgetown SSC,52009.0,8400,27196.0,80203.0,81100
Shoreline Community College - Dental Hygiene,52009.0,8400,27196.0,80203.0,81100
Washington State University-Vancouver,68905.0,12800,43186.0,97582.0,93000
Washington State University-Spokane,68905.0,12800,43186.0,97582.0,93000
Washington State University-Tri Cities,68905.0,12800,43186.0,97582.0,93000
Washington State University - Everett Campus,68905.0,12800,43186.0,97582.0,93000
NUC University - Arecibo,24785.0,3500,12983.0,39344.0,35700
NUC University - Rio Grande,24785.0,3500,12983.0,39344.0,35700
NUC University - Ponce,24785.0,3500,12983.0,39344.0,35700
NUC University - Caguas,24785.0,3500,12983.0,39344.0,35700
NUC University - Mayaguez,24785.0,3500,12983.0,39344.0,35700
NUC University - South Florida,24785.0,3500,12983.0,39344.0,35700
NUC University - Florida Technical College - Lakeland,24785.0,3500,12983.0,39344.0,35700
NUC University - Florida Technical College - Deland,24785.0,3500,12983.0,39344.0,35700
NUC University - Florida Technical College - Kissimmee,24785.0,3500,12983.0,39344.0,35700
NUC University - Florida Technical College - Pembroke Pines,24785.0,3500,12983.0,39344.0,35700
NUC University - Florida Technical College - Cutler Bay,24785.0,3500,12983.0,39344.0,35700
NUC University - IBC Technical Division - Ponce,24785.0,3500,12983.0,39344.0,35700
NUC University - IBC Technical Division - Mayaguez,24785.0,3500,12983.0,39344.0,35700
NUC University - IBC Technical Division - Guayama,24785.0,3500,12983.0,39344.0,35700
NUC University - IBC Technical Division - Fajardo,24785.0,3500,12983.0,39344.0,35700
NUC University - IBC Technical Division - Manati,24785.0,3500,12983.0,39344.0,35700
NUC University - IBC Technical Division - Los Colobos,24785.0,3500,12983.0,39344.0,35700
NUC University - IBC Technical Division - Moca,24785.0,3500,12983.0,39344.0,35700
NUC University - IBC Technical Division - Aguadilla,24785.0,3500,12983.0,39344.0,35700
NUC University - IBC Technical Division - Caguas,24785.0,3500,12983.0,39344.0,35700
NUC University - IBC Technical Division - Arecibo,24785.0,3500,12983.0,39344.0,35700
NUC University - IBC Technical Division - Escorial,24785.0,3500,12983.0,39344.0,35700
NUC University - IBC Technical Division - Bayamon,24785.0,3500,12983.0,39344.0,35700
NUC University - IBC Technical Division - Yauco,24785.0,3500,12983.0,39344.0,35700
NUC University - Florida Technical College - Orlando,24785.0,3500,12983.0,39344.0,35700
NUC University - Florida Technical College - Tampa,24785.0,3500,12983.0,39344.0,35700
University of the Virgin Islands-Albert A. Sheen,38681.0,11000,23467.0,56467.0,59300
Purdue University - Purdue Polytechnic Anderson,72424.0,17700,47140.0,103038.0,103200
Purdue University - Purdue Polytechnic Indianapolis,72424.0,17700,47140.0,103038.0,103200
Purdue University - Purdue Polytechnic South Bend,72424.0,17700,47140.0,103038.0,103200
Purdue University - Purdue Polytechnic New Albany,72424.0,17700,47140.0,103038.0,103200
Purdue University - Purdue Polytechnic Columbus,72424.0,17700,47140.0,103038.0,103200
Purdue University - Purdue Polytechnic Kokomo,72424.0,17700,47140.0,103038.0,103200
Purdue University - Purdue Polytechnic Richmond,72424.0,17700,47140.0,103038.0,103200
Purdue University - Purdue Polytechnic Lafayette,72424.0,17700,47140.0,103038.0,103200
Purdue University - Purdue Polytechnic Vincennes,72424.0,17700,47140.0,103038.0,103200
Purdue University - Westgate Academy,72424.0,17700,47140.0,103038.0,103200
Fayette County Career & Technical Institute -,49229.0,PS,32382.0,65772.0,PS
ECPI University-Newport News,42837.0,9100,25868.0,64290.0,74100
ECPI University-Greensboro,42837.0,9100,25868.0,64290.0,74100
ECPI University-Charlotte,42837.0,9100,25868.0,64290.0,74100
ECPI University-Greenville,42837.0,9100,25868.0,64290.0,74100
ECPI University-Manassas,42837.0,9100,25868.0,64290.0,74100
ECPI University-Charleston,42837.0,9100,25868.0,64290.0,74100
ECPI University-Raleigh,42837.0,9100,25868.0,64290.0,74100
ECPI University-Columbia,42837.0,9100,25868.0,64290.0,74100
ECPI University-Culinary Institute of Virginia,42837.0,9100,25868.0,64290.0,74100
ECPI University-Virginia Beach Health Sciences,42837.0,9100,25868.0,64290.0,74100
ECPI University-Richmond South,42837.0,9100,25868.0,64290.0,74100
ECPI University-Innsbrook,42837.0,9100,25868.0,64290.0,74100
ECPI University-Richmond West,42837.0,9100,25868.0,64290.0,74100
ECPI University - Roanoke,42837.0,9100,25868.0,64290.0,74100
ECPI University - Orlando,42837.0,9100,25868.0,64290.0,74100
ECPI University - San Antonio,42837.0,9100,25868.0,64290.0,74100
Paul Mitchell The School Boise -Paul Mitchell The School Coeur d'Alene,25719.0,1400,10837.0,42369.0,36300
Nuvani Institute-Uvalde,19484.0,PS,11020.0,32942.0,PS
Nuvani Institute-Del Rio,22354.0,PS,9907.0,36608.0,PS
Nuvani Institute-South Campus,22354.0,PS,9907.0,36608.0,PS
Everglades University-Orlando,47597.0,7900,23905.0,81263.0,99400
Everglades University-Sarasota,47597.0,7900,23905.0,81263.0,99400
Everglades University - Tampa,47597.0,7900,23905.0,81263.0,99400
Everglades University - Miami,47597.0,7900,23905.0,81263.0,99400
Florida National University-South Campus,33928.0,4900,16196.0,53955.0,49200
Florida National University Training Center,33928.0,4900,16196.0,53955.0,49200
Indian Capital Technology Center-Sallisaw,33208.0,3900,16891.0,53713.0,59000
Indian Capital Technology Center-Stilwell,33208.0,3900,16891.0,53713.0,59000
Indian Capital Technology Center-Tahlequah,33208.0,3900,16891.0,53713.0,59000
Indian Capital Technology Center School  District Number 4 - Coweta,33208.0,3900,16891.0,53713.0,59000
Central California School of Continuing Education -,41223.0,8200,20365.0,63398.0,89100
Compu-Med Vocational Careers Corp,22226.0,4800,12270.0,34371.0,34300
Osceola Technical College - St. Cloud Campus,38484.0,4600,19560.0,57721.0,57500
Osceola Technical College - Poinciana Campus,38484.0,4600,19560.0,57721.0,57500
Southeastern College-Miami Lakes,41200.0,4800,22609.0,62590.0,54400
Strayer University-Rockville Campus,40092.0,11500,20698.0,62129.0,106500
Strayer University-Anne Arundel Campus,40092.0,11500,20698.0,62129.0,106500
Strayer University-White Marsh Campus,40092.0,11500,20698.0,62129.0,106500
Blue Cliff College,22177.0,4100,11069.0,34920.0,57800
Texas Barber College - Branch Campus #1,21262.0,1700,9736.0,39226.0,45900
Texas Barber College - Branch Campus #2,21262.0,1700,9736.0,39226.0,45900
Texas Barber College - Branch Campus #5,21262.0,1700,9736.0,39226.0,45900
Strayer University-Nashville Campus,40092.0,11500,20698.0,62129.0,106500
Strayer University-Shelby Oaks Campus,40092.0,11500,20698.0,62129.0,106500
Strayer University-Knoxville Campus,40092.0,11500,20698.0,62129.0,106500
Strayer University-Center City Campus,40092.0,11500,20698.0,62129.0,106500
Strayer University-Allentown Campus,40092.0,11500,20698.0,62129.0,106500
SAE Institute of Technology-New York,39544.0,PS,16411.0,62112.0,PS
SAE Institute of Technology-Atlanta,39544.0,PS,16411.0,62112.0,PS
SAE Institute of Technology-Miami,39544.0,PS,16411.0,62112.0,PS
SAE Institute of Technology-Chicago,39544.0,PS,16411.0,62112.0,PS
Rasmussen University-Aurora,39080.0,8300,21835.0,57587.0,58200
Rasmussen University-Romeoville/Joliet,39080.0,8300,21835.0,57587.0,58200
Rasmussen University-Mokena/Tinley Park,39080.0,8300,21835.0,57587.0,58200
Strayer University-Orlando East Campus,40092.0,11500,20698.0,62129.0,106500
Strayer University-Baymeadows Campus,40092.0,11500,20698.0,62129.0,106500
Strayer University-Miramar Campus,40092.0,11500,20698.0,62129.0,106500
Strayer University-Huntsville Campus,40092.0,11500,20698.0,62129.0,106500
Strayer University - Montgomery Campus,40092.0,11500,20698.0,62129.0,106500
Rasmussen University-Wausau,39080.0,8300,21835.0,57587.0,58200
Bryant & Stratton College-Bayshore,32568.0,2600,15518.0,48170.0,46900
Bryant & Stratton College-Racine,32568.0,2600,15518.0,48170.0,46900
Strayer University-North Charlotte,40092.0,11500,20698.0,62129.0,106500
Strayer University-South Charlotte,40092.0,11500,20698.0,62129.0,106500
Strayer University-North Raleigh Campus,40092.0,11500,20698.0,62129.0,106500
Strayer University-South Raleigh Campus,40092.0,11500,20698.0,62129.0,106500
Strayer University-Cobb Campus,40092.0,11500,20698.0,62129.0,106500
Strayer University-Morrow Campus,40092.0,11500,20698.0,62129.0,106500
Strayer University-Lithonia Campus,40092.0,11500,20698.0,62129.0,106500
Strayer University-Savannah Campus,40092.0,11500,20698.0,62129.0,106500
Strayer University-Augusta Campus,40092.0,11500,20698.0,62129.0,106500
Strayer University - Macon Campus,40092.0,11500,20698.0,62129.0,106500
Strayer University-Columbia Campus,40092.0,11500,20698.0,62129.0,106500
Strayer University-Charleston Campus,40092.0,11500,20698.0,62129.0,106500
Strayer University-Northwest Houston,40092.0,11500,20698.0,62129.0,106500
Strayer University-Cedar Hill,40092.0,11500,20698.0,62129.0,106500
Strayer University-North Dallas,40092.0,11500,20698.0,62129.0,106500
Strayer University-San Antonio,40092.0,11500,20698.0,62129.0,106500
Strayer University - Northwest Houston Campus,40092.0,11500,20698.0,62129.0,106500
Rasmussen University - Overland Park,39080.0,8300,21835.0,57587.0,58200
Georgia Military College - Zebulon,39257.0,9000,22188.0,58446.0,65400
Georgia Military College - Valdosta,39257.0,9000,22188.0,58446.0,65400
Georgia Military College - Augusta,39257.0,9000,22188.0,58446.0,65400
Georgia Military College - Fairburn,39257.0,9000,22188.0,58446.0,65400
Georgia Military College - Robins,39257.0,9000,22188.0,58446.0,65400
Georgia Military College - Columbus,39257.0,9000,22188.0,58446.0,65400
Georgia Military College - Madison,39257.0,9000,22188.0,58446.0,65400
Georgia Military College - Stone Mountain,39257.0,9000,22188.0,58446.0,65400
Georgia Military College - Fayetteville,39257.0,9000,22188.0,58446.0,65400
Georgia Military College - Dublin,39257.0,9000,22188.0,58446.0,65400
Georgia Military College - Rockdale,39257.0,9000,22188.0,58446.0,65400
Valley College - Fairlawn - School of Nursing,24900.0,PS,11892.0,37503.0,PS
